CREATE TABLE Hackers(
hacker_id INT,
[name] VARCHAR(50)
);
INSERT INTO Hackers VALUES ('72','Rose');
INSERT INTO Hackers VALUES ('270','Angela');
INSERT INTO Hackers VALUES ('929','Frank');
INSERT INTO Hackers VALUES ('1194','Patrick');
INSERT INTO Hackers VALUES ('1434','Lisa');
INSERT INTO Hackers VALUES ('1842','Kimberly');
INSERT INTO Hackers VALUES ('2319','Bonnie');
INSERT INTO Hackers VALUES ('2729','Michael');
INSERT INTO Hackers VALUES ('2746','Todd');
INSERT INTO Hackers VALUES ('3395','Joe');
INSERT INTO Hackers VALUES ('3768','Earl');
INSERT INTO Hackers VALUES ('4509','Robert');
INSERT INTO Hackers VALUES ('5135','Amy');
INSERT INTO Hackers VALUES ('5275','Pamela');
INSERT INTO Hackers VALUES ('5611','Maria');
INSERT INTO Hackers VALUES ('5720','Joe');
INSERT INTO Hackers VALUES ('5828','Linda');
INSERT INTO Hackers VALUES ('7671','Melissa');
INSERT INTO Hackers VALUES ('8205','Carol');
INSERT INTO Hackers VALUES ('8285','Paula');
INSERT INTO Hackers VALUES ('8498','Marilyn');
INSERT INTO Hackers VALUES ('9761','Jennifer');
INSERT INTO Hackers VALUES ('10011','Harry');
INSERT INTO Hackers VALUES ('10084','David');
INSERT INTO Hackers VALUES ('10776','Julia');
INSERT INTO Hackers VALUES ('10857','Kevin');
INSERT INTO Hackers VALUES ('12539','Paul');
INSERT INTO Hackers VALUES ('13122','James');
INSERT INTO Hackers VALUES ('13380','Kelly');
INSERT INTO Hackers VALUES ('13391','Robin');
INSERT INTO Hackers VALUES ('13523','Ralph');
INSERT INTO Hackers VALUES ('13762','Gloria');
INSERT INTO Hackers VALUES ('13944','Victor');
INSERT INTO Hackers VALUES ('14246','David');
INSERT INTO Hackers VALUES ('14363','Joyce');
INSERT INTO Hackers VALUES ('14366','Donna');
INSERT INTO Hackers VALUES ('14372','Michelle');
INSERT INTO Hackers VALUES ('14658','Stephanie');
INSERT INTO Hackers VALUES ('14777','Gerald');
INSERT INTO Hackers VALUES ('14863','Walter');
INSERT INTO Hackers VALUES ('15719','Christina');
INSERT INTO Hackers VALUES ('16259','Brandon');
INSERT INTO Hackers VALUES ('17295','Elizabeth');
INSERT INTO Hackers VALUES ('17762','Joseph');
INSERT INTO Hackers VALUES ('18330','Lawrence');
INSERT INTO Hackers VALUES ('18690','Marilyn');
INSERT INTO Hackers VALUES ('18983','Lori');
INSERT INTO Hackers VALUES ('19076','Matthew');
INSERT INTO Hackers VALUES ('19448','Jesse');
INSERT INTO Hackers VALUES ('20504','John');
INSERT INTO Hackers VALUES ('20534','Martha');
INSERT INTO Hackers VALUES ('21212','Timothy');
INSERT INTO Hackers VALUES ('21463','Christine');
INSERT INTO Hackers VALUES ('22196','Anthony');
INSERT INTO Hackers VALUES ('23278','Paula');
INSERT INTO Hackers VALUES ('23678','Kimberly');
INSERT INTO Hackers VALUES ('24663','Louise');
INSERT INTO Hackers VALUES ('25184','Martin');
INSERT INTO Hackers VALUES ('25238','Paul');
INSERT INTO Hackers VALUES ('25732','Antonio');
INSERT INTO Hackers VALUES ('26133','Jacqueline');
INSERT INTO Hackers VALUES ('26243','Diana');
INSERT INTO Hackers VALUES ('26253','John');
INSERT INTO Hackers VALUES ('26289','Dorothy');
INSERT INTO Hackers VALUES ('26895','Evelyn');
INSERT INTO Hackers VALUES ('27232','Phillip');
INSERT INTO Hackers VALUES ('28250','Evelyn');
INSERT INTO Hackers VALUES ('28275','Debra');
INSERT INTO Hackers VALUES ('28299','David');
INSERT INTO Hackers VALUES ('28614','Willie');
INSERT INTO Hackers VALUES ('30128','Brandon');
INSERT INTO Hackers VALUES ('30721','Ann');
INSERT INTO Hackers VALUES ('30755','Emily');
INSERT INTO Hackers VALUES ('32121','Dorothy');
INSERT INTO Hackers VALUES ('32172','Jonathan');
INSERT INTO Hackers VALUES ('32254','Dorothy');
INSERT INTO Hackers VALUES ('34242','Marilyn');
INSERT INTO Hackers VALUES ('35583','Norma');
INSERT INTO Hackers VALUES ('36228','Nancy');
INSERT INTO Hackers VALUES ('36322','Andrew');
INSERT INTO Hackers VALUES ('37704','Keith');
INSERT INTO Hackers VALUES ('38852','Benjamin');
INSERT INTO Hackers VALUES ('39277','Charles');
INSERT INTO Hackers VALUES ('39771','Alan');
INSERT INTO Hackers VALUES ('39782','Tammy');
INSERT INTO Hackers VALUES ('40226','Anna');
INSERT INTO Hackers VALUES ('40257','James');
INSERT INTO Hackers VALUES ('41293','Robin');
INSERT INTO Hackers VALUES ('41319','Jean');
INSERT INTO Hackers VALUES ('42052','Andrew');
INSERT INTO Hackers VALUES ('43892','Roy');
INSERT INTO Hackers VALUES ('44188','Diana');
INSERT INTO Hackers VALUES ('45386','Christina');
INSERT INTO Hackers VALUES ('45785','Jesse');
INSERT INTO Hackers VALUES ('46205','Joyce');
INSERT INTO Hackers VALUES ('47641','Patricia');
INSERT INTO Hackers VALUES ('48984','Gregory');
INSERT INTO Hackers VALUES ('49307','Brian');
INSERT INTO Hackers VALUES ('49652','Christine');
INSERT INTO Hackers VALUES ('49789','Lillian');
INSERT INTO Hackers VALUES ('50081','Aaron');
INSERT INTO Hackers VALUES ('50274','Dorothy');
INSERT INTO Hackers VALUES ('50393','Christopher');
INSERT INTO Hackers VALUES ('51385','Bobby');
INSERT INTO Hackers VALUES ('51410','Bobby');
INSERT INTO Hackers VALUES ('51503','Gerald');
INSERT INTO Hackers VALUES ('51906','Carol');
INSERT INTO Hackers VALUES ('52184','Jeremy');
INSERT INTO Hackers VALUES ('52274','Clarence');
INSERT INTO Hackers VALUES ('52500','Wayne');
INSERT INTO Hackers VALUES ('53315','Carolyn');
INSERT INTO Hackers VALUES ('54055','Margaret');
INSERT INTO Hackers VALUES ('54300','Andrew');
INSERT INTO Hackers VALUES ('55007','Albert');
INSERT INTO Hackers VALUES ('55107','Judy');
INSERT INTO Hackers VALUES ('55635','Arthur');
INSERT INTO Hackers VALUES ('56050','Cynthia');
INSERT INTO Hackers VALUES ('57147','Jerry');
INSERT INTO Hackers VALUES ('57650','Thomas');
INSERT INTO Hackers VALUES ('57694','Elizabeth');
INSERT INTO Hackers VALUES ('57947','Justin');
INSERT INTO Hackers VALUES ('59326','Albert');
INSERT INTO Hackers VALUES ('59640','James');
INSERT INTO Hackers VALUES ('59853','Stephen');
INSERT INTO Hackers VALUES ('59907','Alan');
INSERT INTO Hackers VALUES ('60412','Joshua');
INSERT INTO Hackers VALUES ('60738','Norma');
INSERT INTO Hackers VALUES ('61506','Mildred');
INSERT INTO Hackers VALUES ('61647','Melissa');
INSERT INTO Hackers VALUES ('61703','Paul');
INSERT INTO Hackers VALUES ('61885','Gerald');
INSERT INTO Hackers VALUES ('62626','Ronald');
INSERT INTO Hackers VALUES ('62669','Sandra');
INSERT INTO Hackers VALUES ('62764','Helen');
INSERT INTO Hackers VALUES ('64383','Larry');
INSERT INTO Hackers VALUES ('64617','Alan');
INSERT INTO Hackers VALUES ('65817','Paul');
INSERT INTO Hackers VALUES ('65900','Chris');
INSERT INTO Hackers VALUES ('65903','Steven');
INSERT INTO Hackers VALUES ('66031','Jennifer');
INSERT INTO Hackers VALUES ('66414','Bonnie');
INSERT INTO Hackers VALUES ('67640','Shirley');
INSERT INTO Hackers VALUES ('68141','Jeffrey');
INSERT INTO Hackers VALUES ('68645','Janet');
INSERT INTO Hackers VALUES ('68709','Albert');
INSERT INTO Hackers VALUES ('68908','Charles');
INSERT INTO Hackers VALUES ('69871','Kelly');
INSERT INTO Hackers VALUES ('70325','Bobby');
INSERT INTO Hackers VALUES ('71121','Elizabeth');
INSERT INTO Hackers VALUES ('71525','Keith');
INSERT INTO Hackers VALUES ('72757','Jose');
INSERT INTO Hackers VALUES ('72944','Ann');
INSERT INTO Hackers VALUES ('73095','Helen');
INSERT INTO Hackers VALUES ('73193','Jason');
INSERT INTO Hackers VALUES ('73355','Gerald');
INSERT INTO Hackers VALUES ('73418','Carlos');
INSERT INTO Hackers VALUES ('73961','Ryan');
INSERT INTO Hackers VALUES ('74101','Ashley');
INSERT INTO Hackers VALUES ('74160','Julia');
INSERT INTO Hackers VALUES ('74413','Harry');
INSERT INTO Hackers VALUES ('74553','Sean');
INSERT INTO Hackers VALUES ('74558','Julia');
INSERT INTO Hackers VALUES ('74932','Marilyn');
INSERT INTO Hackers VALUES ('75773','Cheryl');
INSERT INTO Hackers VALUES ('75984','Susan');
INSERT INTO Hackers VALUES ('77119','Judith');
INSERT INTO Hackers VALUES ('77211','Ruth');
INSERT INTO Hackers VALUES ('79555','Jane');
INSERT INTO Hackers VALUES ('79803','Sara');
INSERT INTO Hackers VALUES ('80659','Denise');
INSERT INTO Hackers VALUES ('81751','Jason');
INSERT INTO Hackers VALUES ('81936','Rose');
INSERT INTO Hackers VALUES ('82542','Susan');
INSERT INTO Hackers VALUES ('82704','Irene');
INSERT INTO Hackers VALUES ('83194','Jonathan');
INSERT INTO Hackers VALUES ('84304','Shawn');
INSERT INTO Hackers VALUES ('84653','Julia');
INSERT INTO Hackers VALUES ('85039','Linda');
INSERT INTO Hackers VALUES ('85242','Melissa');
INSERT INTO Hackers VALUES ('87768','Dennis');
INSERT INTO Hackers VALUES ('89033','Jeremy');
INSERT INTO Hackers VALUES ('89507','Patrick');
INSERT INTO Hackers VALUES ('90106','Jennifer');
INSERT INTO Hackers VALUES ('90500','Lillian');
INSERT INTO Hackers VALUES ('90653','Charles');
INSERT INTO Hackers VALUES ('91104','Philip');
INSERT INTO Hackers VALUES ('91557','Jimmy');
INSERT INTO Hackers VALUES ('91744','Doris');
INSERT INTO Hackers VALUES ('92776','Craig');
INSERT INTO Hackers VALUES ('93514','Walter');
INSERT INTO Hackers VALUES ('95822','Wayne');
INSERT INTO Hackers VALUES ('96117','Katherine');
INSERT INTO Hackers VALUES ('96546','Mark');
INSERT INTO Hackers VALUES ('97708','Barbara');
INSERT INTO Hackers VALUES ('97990','Mark');
INSERT INTO Hackers VALUES ('98095','Joe');
INSERT INTO Hackers VALUES ('98128','Maria');
INSERT INTO Hackers VALUES ('99104','John');
INSERT INTO Hackers VALUES ('99113','Brian');
INSERT INTO Hackers VALUES ('99559','Kimberly');

CREATE TABLE Difficulty(
difficulty_level INT,
score INT
);
INSERT INTO Difficulty VALUES ('1','20');
INSERT INTO Difficulty VALUES ('2','30');
INSERT INTO Difficulty VALUES ('3','40');
INSERT INTO Difficulty VALUES ('4','60');
INSERT INTO Difficulty VALUES ('5','80');
INSERT INTO Difficulty VALUES ('6','100');
INSERT INTO Difficulty VALUES ('7','120');

CREATE TABLE Challenges (
challenge_id INT,
hacker_id INT,
difficulty_level INT
);
INSERT INTO Challenges VALUES ('4911','61647','3');
INSERT INTO Challenges VALUES ('11319','70325','2');
INSERT INTO Challenges VALUES ('13910','5275','7');
INSERT INTO Challenges VALUES ('19274','270','7');
INSERT INTO Challenges VALUES ('25419','49307','5');
INSERT INTO Challenges VALUES ('36420','46205','5');
INSERT INTO Challenges VALUES ('36911','80659','7');
INSERT INTO Challenges VALUES ('37472','97708','7');
INSERT INTO Challenges VALUES ('44764','14863','2');
INSERT INTO Challenges VALUES ('46441','87768','4');
INSERT INTO Challenges VALUES ('51898','5720','2');
INSERT INTO Challenges VALUES ('55235','59853','4');
INSERT INTO Challenges VALUES ('60691','10857','3');
INSERT INTO Challenges VALUES ('61757','8285','5');
INSERT INTO Challenges VALUES ('63530','39771','4');
INSERT INTO Challenges VALUES ('68233','65903','5');
INSERT INTO Challenges VALUES ('69855','48984','3');
INSERT INTO Challenges VALUES ('69886','90653','1');
INSERT INTO Challenges VALUES ('93294','59907','4');
INSERT INTO Challenges VALUES ('99326','18983','5');

CREATE TABLE Submissions(
submission_id INT,
hacker_id INT,
challenge_id INT,
score INT
);
INSERT INTO Submissions VALUES ('186','72','4911','0');
INSERT INTO Submissions VALUES ('215','72','11319','0');
INSERT INTO Submissions VALUES ('257','72','13910','0');
INSERT INTO Submissions VALUES ('376','72','19274','0');
INSERT INTO Submissions VALUES ('433','72','25419','0');
INSERT INTO Submissions VALUES ('537','72','36420','0');
INSERT INTO Submissions VALUES ('560','72','36911','0');
INSERT INTO Submissions VALUES ('580','72','55235','0');
INSERT INTO Submissions VALUES ('584','72','60691','0');
INSERT INTO Submissions VALUES ('601','72','63530','0');
INSERT INTO Submissions VALUES ('608','72','93294','0');
INSERT INTO Submissions VALUES ('692','72','99326','0');
INSERT INTO Submissions VALUES ('810','270','4911','0');
INSERT INTO Submissions VALUES ('990','270','19274','0');
INSERT INTO Submissions VALUES ('999','270','36911','0');
INSERT INTO Submissions VALUES ('1021','270','37472','0');
INSERT INTO Submissions VALUES ('1026','270','46441','0');
INSERT INTO Submissions VALUES ('1056','270','51898','0');
INSERT INTO Submissions VALUES ('1088','270','61757','0');
INSERT INTO Submissions VALUES ('1149','270','63530','0');
INSERT INTO Submissions VALUES ('1170','270','69855','0');
INSERT INTO Submissions VALUES ('1288','270','93294','0');
INSERT INTO Submissions VALUES ('1301','929','13910','0');
INSERT INTO Submissions VALUES ('1309','929','19274','0');
INSERT INTO Submissions VALUES ('1319','929','25419','0');
INSERT INTO Submissions VALUES ('1471','929','44764','0');
INSERT INTO Submissions VALUES ('1487','929','46441','0');
INSERT INTO Submissions VALUES ('1573','929','51898','0');
INSERT INTO Submissions VALUES ('1601','929','60691','0');
INSERT INTO Submissions VALUES ('1602','929','63530','0');
INSERT INTO Submissions VALUES ('1623','929','68233','0');
INSERT INTO Submissions VALUES ('1641','929','93294','0');
INSERT INTO Submissions VALUES ('1690','1194','4911','0');
INSERT INTO Submissions VALUES ('1698','1194','13910','0');
INSERT INTO Submissions VALUES ('1727','1194','19274','0');
INSERT INTO Submissions VALUES ('1750','1194','37472','0');
INSERT INTO Submissions VALUES ('1756','1194','44764','0');
INSERT INTO Submissions VALUES ('1813','1194','51898','0');
INSERT INTO Submissions VALUES ('1910','1194','60691','0');
INSERT INTO Submissions VALUES ('2026','1194','61757','0');
INSERT INTO Submissions VALUES ('2076','1194','63530','0');
INSERT INTO Submissions VALUES ('2095','1194','68233','0');
INSERT INTO Submissions VALUES ('2108','1194','99326','0');
INSERT INTO Submissions VALUES ('2408','1434','11319','0');
INSERT INTO Submissions VALUES ('2523','1434','36911','0');
INSERT INTO Submissions VALUES ('2557','1434','37472','0');
INSERT INTO Submissions VALUES ('2577','1434','46441','0');
INSERT INTO Submissions VALUES ('2676','1434','60691','0');
INSERT INTO Submissions VALUES ('2708','1434','61757','0');
INSERT INTO Submissions VALUES ('2716','1434','68233','0');
INSERT INTO Submissions VALUES ('2730','1434','69855','0');
INSERT INTO Submissions VALUES ('2746','1434','69886','0');
INSERT INTO Submissions VALUES ('2762','1434','93294','0');
INSERT INTO Submissions VALUES ('2804','1842','4911','0');
INSERT INTO Submissions VALUES ('2813','1842','13910','0');
INSERT INTO Submissions VALUES ('2822','1842','19274','0');
INSERT INTO Submissions VALUES ('2828','1842','36420','0');
INSERT INTO Submissions VALUES ('2838','1842','44764','0');
INSERT INTO Submissions VALUES ('2859','1842','51898','0');
INSERT INTO Submissions VALUES ('2941','1842','60691','0');
INSERT INTO Submissions VALUES ('3147','1842','61757','0');
INSERT INTO Submissions VALUES ('3421','1842','69855','0');
INSERT INTO Submissions VALUES ('3482','1842','69886','0');
INSERT INTO Submissions VALUES ('3542','1842','93294','0');
INSERT INTO Submissions VALUES ('3570','1842','99326','0');
INSERT INTO Submissions VALUES ('3862','2319','4911','0');
INSERT INTO Submissions VALUES ('3880','2319','19274','0');
INSERT INTO Submissions VALUES ('4059','2319','36420','0');
INSERT INTO Submissions VALUES ('4089','2319','36911','0');
INSERT INTO Submissions VALUES ('4119','2319','37472','0');
INSERT INTO Submissions VALUES ('4134','2319','60691','0');
INSERT INTO Submissions VALUES ('4172','2319','61757','0');
INSERT INTO Submissions VALUES ('4187','2319','93294','0');
INSERT INTO Submissions VALUES ('4202','2319','99326','0');
INSERT INTO Submissions VALUES ('4210','2729','4911','0');
INSERT INTO Submissions VALUES ('4295','2729','11319','0');
INSERT INTO Submissions VALUES ('4310','2729','25419','0');
INSERT INTO Submissions VALUES ('4431','2729','46441','0');
INSERT INTO Submissions VALUES ('4468','2729','51898','0');
INSERT INTO Submissions VALUES ('4506','2729','55235','0');
INSERT INTO Submissions VALUES ('4555','2729','61757','0');
INSERT INTO Submissions VALUES ('4583','2729','63530','0');
INSERT INTO Submissions VALUES ('4595','2746','4911','0');
INSERT INTO Submissions VALUES ('4615','2746','13910','0');
INSERT INTO Submissions VALUES ('4631','2746','19274','0');
INSERT INTO Submissions VALUES ('4678','2746','36420','0');
INSERT INTO Submissions VALUES ('4685','2746','36911','0');
INSERT INTO Submissions VALUES ('4785','2746','46441','0');
INSERT INTO Submissions VALUES ('4837','2746','61757','0');
INSERT INTO Submissions VALUES ('4842','2746','69886','0');
INSERT INTO Submissions VALUES ('4917','2746','93294','0');
INSERT INTO Submissions VALUES ('4942','2746','99326','0');
INSERT INTO Submissions VALUES ('4961','3395','4911','0');
INSERT INTO Submissions VALUES ('5040','3395','13910','0');
INSERT INTO Submissions VALUES ('5056','3395','25419','0');
INSERT INTO Submissions VALUES ('5145','3395','36420','0');
INSERT INTO Submissions VALUES ('5152','3395','36911','0');
INSERT INTO Submissions VALUES ('5185','3395','37472','0');
INSERT INTO Submissions VALUES ('5207','3395','44764','0');
INSERT INTO Submissions VALUES ('5224','3395','51898','0');
INSERT INTO Submissions VALUES ('5440','3395','61757','30');
INSERT INTO Submissions VALUES ('5485','3395','63530','120');
INSERT INTO Submissions VALUES ('5491','3395','69855','120');
INSERT INTO Submissions VALUES ('5502','3395','93294','20');
INSERT INTO Submissions VALUES ('5598','3768','11319','20');
INSERT INTO Submissions VALUES ('5645','3768','19274','30');
INSERT INTO Submissions VALUES ('5658','3768','36420','100');
INSERT INTO Submissions VALUES ('5719','3768','44764','20');
INSERT INTO Submissions VALUES ('5764','3768','46441','80');
INSERT INTO Submissions VALUES ('5865','3768','63530','20');
INSERT INTO Submissions VALUES ('5871','3768','69886','60');
INSERT INTO Submissions VALUES ('5979','3768','93294','100');
INSERT INTO Submissions VALUES ('5985','4509','4911','100');
INSERT INTO Submissions VALUES ('6059','4509','11319','120');
INSERT INTO Submissions VALUES ('6099','4509','13910','100');
INSERT INTO Submissions VALUES ('6154','4509','19274','60');
INSERT INTO Submissions VALUES ('6172','4509','36420','120');
INSERT INTO Submissions VALUES ('6196','4509','36911','100');
INSERT INTO Submissions VALUES ('6260','4509','37472','20');
INSERT INTO Submissions VALUES ('6302','4509','51898','100');
INSERT INTO Submissions VALUES ('6304','4509','55235','20');
INSERT INTO Submissions VALUES ('6312','4509','60691','100');
INSERT INTO Submissions VALUES ('6326','4509','61757','120');
INSERT INTO Submissions VALUES ('6338','4509','69855','60');
INSERT INTO Submissions VALUES ('6366','4509','69886','30');
INSERT INTO Submissions VALUES ('6368','4509','99326','40');
INSERT INTO Submissions VALUES ('6394','5135','4911','120');
INSERT INTO Submissions VALUES ('6402','5135','19274','20');
INSERT INTO Submissions VALUES ('6517','5135','25419','40');
INSERT INTO Submissions VALUES ('6548','5135','37472','100');
INSERT INTO Submissions VALUES ('6602','5135','46441','20');
INSERT INTO Submissions VALUES ('6653','5135','55235','30');
INSERT INTO Submissions VALUES ('6658','5135','69886','60');
INSERT INTO Submissions VALUES ('6710','5135','99326','100');
INSERT INTO Submissions VALUES ('6712','5275','37472','100');
INSERT INTO Submissions VALUES ('6731','5275','46441','80');
INSERT INTO Submissions VALUES ('6746','5275','55235','40');
INSERT INTO Submissions VALUES ('6792','5275','60691','60');
INSERT INTO Submissions VALUES ('6796','5275','61757','60');
INSERT INTO Submissions VALUES ('6903','5275','68233','100');
INSERT INTO Submissions VALUES ('6965','5275','99326','120');
INSERT INTO Submissions VALUES ('6999','5611','37472','80');
INSERT INTO Submissions VALUES ('7005','5611','44764','100');
INSERT INTO Submissions VALUES ('7028','5611','60691','100');
INSERT INTO Submissions VALUES ('7114','5611','68233','60');
INSERT INTO Submissions VALUES ('7152','5611','93294','120');
INSERT INTO Submissions VALUES ('7162','5611','99326','30');
INSERT INTO Submissions VALUES ('7355','5720','36911','100');
INSERT INTO Submissions VALUES ('7413','5720','44764','20');
INSERT INTO Submissions VALUES ('7458','5720','46441','80');
INSERT INTO Submissions VALUES ('7472','5720','55235','20');
INSERT INTO Submissions VALUES ('7519','5720','60691','100');
INSERT INTO Submissions VALUES ('7714','5720','63530','80');
INSERT INTO Submissions VALUES ('7754','5720','69855','30');
INSERT INTO Submissions VALUES ('7770','5720','69886','100');
INSERT INTO Submissions VALUES ('7798','5720','93294','20');
INSERT INTO Submissions VALUES ('7884','5720','99326','120');
INSERT INTO Submissions VALUES ('7935','5828','11319','120');
INSERT INTO Submissions VALUES ('7960','5828','13910','20');
INSERT INTO Submissions VALUES ('7972','5828','25419','30');
INSERT INTO Submissions VALUES ('8005','5828','36911','60');
INSERT INTO Submissions VALUES ('8072','5828','44764','80');
INSERT INTO Submissions VALUES ('8110','5828','51898','80');
INSERT INTO Submissions VALUES ('8115','5828','55235','80');
INSERT INTO Submissions VALUES ('8127','5828','60691','80');
INSERT INTO Submissions VALUES ('8158','5828','61757','60');
INSERT INTO Submissions VALUES ('8188','5828','63530','40');
INSERT INTO Submissions VALUES ('8230','5828','69855','100');
INSERT INTO Submissions VALUES ('8290','5828','69886','30');
INSERT INTO Submissions VALUES ('8354','7671','25419','40');
INSERT INTO Submissions VALUES ('8391','7671','36911','40');
INSERT INTO Submissions VALUES ('8409','7671','37472','80');
INSERT INTO Submissions VALUES ('8413','7671','61757','40');
INSERT INTO Submissions VALUES ('8422','7671','69855','30');
INSERT INTO Submissions VALUES ('8445','7671','93294','30');
INSERT INTO Submissions VALUES ('8451','7671','99326','120');
INSERT INTO Submissions VALUES ('8459','8205','11319','40');
INSERT INTO Submissions VALUES ('8539','8205','36420','100');
INSERT INTO Submissions VALUES ('8555','8205','36911','20');
INSERT INTO Submissions VALUES ('8600','8205','46441','80');
INSERT INTO Submissions VALUES ('8632','8205','68233','100');
INSERT INTO Submissions VALUES ('8666','8205','93294','30');
INSERT INTO Submissions VALUES ('8692','8285','11319','40');
INSERT INTO Submissions VALUES ('8714','8285','13910','80');
INSERT INTO Submissions VALUES ('8770','8285','19274','30');
INSERT INTO Submissions VALUES ('8801','8285','36911','60');
INSERT INTO Submissions VALUES ('8883','8285','44764','60');
INSERT INTO Submissions VALUES ('8925','8285','46441','80');
INSERT INTO Submissions VALUES ('8933','8285','51898','120');
INSERT INTO Submissions VALUES ('8934','8285','60691','30');
INSERT INTO Submissions VALUES ('8986','8285','68233','100');
INSERT INTO Submissions VALUES ('9024','8285','69855','30');
INSERT INTO Submissions VALUES ('9089','8285','69886','120');
INSERT INTO Submissions VALUES ('9192','8498','13910','30');
INSERT INTO Submissions VALUES ('9249','8498','37472','30');
INSERT INTO Submissions VALUES ('9307','8498','51898','80');
INSERT INTO Submissions VALUES ('9367','8498','55235','30');
INSERT INTO Submissions VALUES ('9371','8498','60691','100');
INSERT INTO Submissions VALUES ('9382','8498','68233','20');
INSERT INTO Submissions VALUES ('9385','8498','69855','120');
INSERT INTO Submissions VALUES ('9433','8498','93294','40');
INSERT INTO Submissions VALUES ('9435','9761','13910','40');
INSERT INTO Submissions VALUES ('9444','9761','19274','80');
INSERT INTO Submissions VALUES ('9476','9761','25419','20');
INSERT INTO Submissions VALUES ('9505','9761','36420','20');
INSERT INTO Submissions VALUES ('9549','9761','46441','100');
INSERT INTO Submissions VALUES ('9608','9761','51898','80');
INSERT INTO Submissions VALUES ('9626','9761','55235','100');
INSERT INTO Submissions VALUES ('9649','9761','69886','40');
INSERT INTO Submissions VALUES ('9711','9761','93294','80');
INSERT INTO Submissions VALUES ('9757','9761','99326','30');
INSERT INTO Submissions VALUES ('9777','10011','4911','30');
INSERT INTO Submissions VALUES ('9787','10011','11319','100');
INSERT INTO Submissions VALUES ('9873','10011','13910','80');
INSERT INTO Submissions VALUES ('9891','10011','19274','100');
INSERT INTO Submissions VALUES ('9942','10011','46441','100');
INSERT INTO Submissions VALUES ('9975','10011','55235','30');
INSERT INTO Submissions VALUES ('10086','10011','61757','100');
INSERT INTO Submissions VALUES ('10166','10011','69855','100');
INSERT INTO Submissions VALUES ('10209','10011','69886','100');
INSERT INTO Submissions VALUES ('10215','10011','99326','60');
INSERT INTO Submissions VALUES ('10244','10084','4911','100');
INSERT INTO Submissions VALUES ('10316','10084','19274','80');
INSERT INTO Submissions VALUES ('10343','10084','36420','40');
INSERT INTO Submissions VALUES ('10441','10084','36911','60');
INSERT INTO Submissions VALUES ('10498','10084','44764','120');
INSERT INTO Submissions VALUES ('10581','10084','51898','60');
INSERT INTO Submissions VALUES ('10632','10084','60691','60');
INSERT INTO Submissions VALUES ('10698','10084','68233','60');
INSERT INTO Submissions VALUES ('10702','10084','69855','120');
INSERT INTO Submissions VALUES ('10703','10084','93294','30');
INSERT INTO Submissions VALUES ('10714','10776','4911','100');
INSERT INTO Submissions VALUES ('10830','10776','11319','40');
INSERT INTO Submissions VALUES ('10905','10776','19274','60');
INSERT INTO Submissions VALUES ('10980','10776','25419','100');
INSERT INTO Submissions VALUES ('11102','10776','36420','40');
INSERT INTO Submissions VALUES ('11170','10776','36911','40');
INSERT INTO Submissions VALUES ('11245','10776','44764','40');
INSERT INTO Submissions VALUES ('11281','10776','51898','60');
INSERT INTO Submissions VALUES ('11369','10776','55235','100');
INSERT INTO Submissions VALUES ('11449','10776','60691','80');
INSERT INTO Submissions VALUES ('11463','10776','68233','120');
INSERT INTO Submissions VALUES ('11492','10776','69855','120');
INSERT INTO Submissions VALUES ('11573','10776','99326','120');
INSERT INTO Submissions VALUES ('11638','10857','4911','120');
INSERT INTO Submissions VALUES ('11692','10857','11319','60');
INSERT INTO Submissions VALUES ('11696','10857','13910','100');
INSERT INTO Submissions VALUES ('11736','10857','19274','40');
INSERT INTO Submissions VALUES ('11779','10857','36420','40');
INSERT INTO Submissions VALUES ('11826','10857','46441','100');
INSERT INTO Submissions VALUES ('11844','10857','51898','30');
INSERT INTO Submissions VALUES ('11897','10857','60691','40');
INSERT INTO Submissions VALUES ('11902','10857','68233','80');
INSERT INTO Submissions VALUES ('12063','10857','69855','40');
INSERT INTO Submissions VALUES ('12077','10857','69886','20');
INSERT INTO Submissions VALUES ('12200','10857','93294','60');
INSERT INTO Submissions VALUES ('12249','12539','19274','120');
INSERT INTO Submissions VALUES ('12311','12539','36420','80');
INSERT INTO Submissions VALUES ('12388','12539','37472','120');
INSERT INTO Submissions VALUES ('12410','12539','46441','60');
INSERT INTO Submissions VALUES ('12412','12539','51898','30');
INSERT INTO Submissions VALUES ('12436','12539','60691','40');
INSERT INTO Submissions VALUES ('12441','12539','61757','80');
INSERT INTO Submissions VALUES ('12464','12539','68233','80');
INSERT INTO Submissions VALUES ('12506','12539','69855','40');
INSERT INTO Submissions VALUES ('12541','12539','99326','80');
INSERT INTO Submissions VALUES ('12556','13122','11319','30');
INSERT INTO Submissions VALUES ('12567','13122','19274','120');
INSERT INTO Submissions VALUES ('12624','13122','25419','80');
INSERT INTO Submissions VALUES ('12714','13122','36420','80');
INSERT INTO Submissions VALUES ('12739','13122','60691','40');
INSERT INTO Submissions VALUES ('12762','13122','61757','80');
INSERT INTO Submissions VALUES ('12767','13122','63530','60');
INSERT INTO Submissions VALUES ('12831','13122','68233','80');
INSERT INTO Submissions VALUES ('12894','13122','69855','40');
INSERT INTO Submissions VALUES ('12906','13380','4911','40');
INSERT INTO Submissions VALUES ('13032','13380','13910','120');
INSERT INTO Submissions VALUES ('13132','13380','36420','80');
INSERT INTO Submissions VALUES ('13181','13380','44764','30');
INSERT INTO Submissions VALUES ('13228','13380','51898','30');
INSERT INTO Submissions VALUES ('13240','13380','61757','80');
INSERT INTO Submissions VALUES ('13274','13380','69855','40');
INSERT INTO Submissions VALUES ('13310','13380','93294','60');
INSERT INTO Submissions VALUES ('13317','13391','4911','40');
INSERT INTO Submissions VALUES ('13350','13391','19274','120');
INSERT INTO Submissions VALUES ('13384','13391','25419','80');
INSERT INTO Submissions VALUES ('13466','13391','36420','80');
INSERT INTO Submissions VALUES ('13497','13391','36911','120');
INSERT INTO Submissions VALUES ('13513','13391','46441','60');
INSERT INTO Submissions VALUES ('13515','13391','51898','30');
INSERT INTO Submissions VALUES ('13587','13391','55235','60');
INSERT INTO Submissions VALUES ('13632','13391','60691','40');
INSERT INTO Submissions VALUES ('13637','13391','69886','20');
INSERT INTO Submissions VALUES ('13750','13391','99326','80');
INSERT INTO Submissions VALUES ('13758','13523','4911','40');
INSERT INTO Submissions VALUES ('13809','13523','19274','120');
INSERT INTO Submissions VALUES ('13832','13523','51898','30');
INSERT INTO Submissions VALUES ('13972','13523','55235','60');
INSERT INTO Submissions VALUES ('14026','13523','60691','40');
INSERT INTO Submissions VALUES ('14028','13523','61757','80');
INSERT INTO Submissions VALUES ('14032','13523','69886','20');
INSERT INTO Submissions VALUES ('14194','13523','99326','80');
INSERT INTO Submissions VALUES ('14314','13762','4911','40');
INSERT INTO Submissions VALUES ('14536','13762','25419','80');
INSERT INTO Submissions VALUES ('14583','13762','36420','80');
INSERT INTO Submissions VALUES ('14813','13762','37472','120');
INSERT INTO Submissions VALUES ('14835','13762','44764','30');
INSERT INTO Submissions VALUES ('14995','13762','55235','60');
INSERT INTO Submissions VALUES ('15020','13762','63530','60');
INSERT INTO Submissions VALUES ('15067','13762','69886','20');
INSERT INTO Submissions VALUES ('15091','13762','99326','80');
INSERT INTO Submissions VALUES ('15126','13944','4911','40');
INSERT INTO Submissions VALUES ('15156','13944','13910','120');
INSERT INTO Submissions VALUES ('15231','13944','25419','80');
INSERT INTO Submissions VALUES ('15360','13944','36420','80');
INSERT INTO Submissions VALUES ('15410','13944','44764','30');
INSERT INTO Submissions VALUES ('15433','13944','51898','30');
INSERT INTO Submissions VALUES ('15474','13944','61757','80');
INSERT INTO Submissions VALUES ('15548','13944','63530','60');
INSERT INTO Submissions VALUES ('15559','13944','68233','80');
INSERT INTO Submissions VALUES ('15563','13944','69855','40');
INSERT INTO Submissions VALUES ('15676','13944','69886','20');
INSERT INTO Submissions VALUES ('15684','13944','93294','60');
INSERT INTO Submissions VALUES ('15762','14246','4911','40');
INSERT INTO Submissions VALUES ('15851','14246','13910','120');
INSERT INTO Submissions VALUES ('15885','14246','19274','120');
INSERT INTO Submissions VALUES ('15939','14246','25419','80');
INSERT INTO Submissions VALUES ('16035','14246','36420','80');
INSERT INTO Submissions VALUES ('16043','14246','36911','120');
INSERT INTO Submissions VALUES ('16142','14246','37472','120');
INSERT INTO Submissions VALUES ('16144','14246','44764','30');
INSERT INTO Submissions VALUES ('16155','14246','51898','30');
INSERT INTO Submissions VALUES ('16169','14246','55235','60');
INSERT INTO Submissions VALUES ('16170','14246','61757','80');
INSERT INTO Submissions VALUES ('16259','14246','68233','80');
INSERT INTO Submissions VALUES ('16286','14246','93294','60');
INSERT INTO Submissions VALUES ('16329','14363','4911','40');
INSERT INTO Submissions VALUES ('16344','14363','13910','120');
INSERT INTO Submissions VALUES ('16352','14363','25419','80');
INSERT INTO Submissions VALUES ('16399','14363','36420','80');
INSERT INTO Submissions VALUES ('16482','14363','36911','120');
INSERT INTO Submissions VALUES ('16513','14363','37472','120');
INSERT INTO Submissions VALUES ('16561','14363','46441','60');
INSERT INTO Submissions VALUES ('16698','14363','63530','60');
INSERT INTO Submissions VALUES ('16717','14363','69855','40');
INSERT INTO Submissions VALUES ('16731','14363','69886','20');
INSERT INTO Submissions VALUES ('16755','14366','13910','120');
INSERT INTO Submissions VALUES ('16759','14366','19274','120');
INSERT INTO Submissions VALUES ('16774','14366','25419','80');
INSERT INTO Submissions VALUES ('16775','14366','36420','80');
INSERT INTO Submissions VALUES ('16777','14366','36911','120');
INSERT INTO Submissions VALUES ('16914','14366','51898','30');
INSERT INTO Submissions VALUES ('16980','14366','55235','60');
INSERT INTO Submissions VALUES ('16986','14366','61757','80');
INSERT INTO Submissions VALUES ('17001','14366','63530','60');
INSERT INTO Submissions VALUES ('17016','14366','69855','40');
INSERT INTO Submissions VALUES ('17124','14366','69886','20');
INSERT INTO Submissions VALUES ('17144','14372','11319','30');
INSERT INTO Submissions VALUES ('17194','14372','13910','120');
INSERT INTO Submissions VALUES ('17214','14372','19274','120');
INSERT INTO Submissions VALUES ('17322','14372','25419','80');
INSERT INTO Submissions VALUES ('17328','14372','36420','80');
INSERT INTO Submissions VALUES ('17377','14372','36911','120');
INSERT INTO Submissions VALUES ('17436','14372','37472','120');
INSERT INTO Submissions VALUES ('17445','14372','51898','30');
INSERT INTO Submissions VALUES ('17657','14372','60691','40');
INSERT INTO Submissions VALUES ('17665','14372','61757','80');
INSERT INTO Submissions VALUES ('17727','14372','68233','80');
INSERT INTO Submissions VALUES ('17798','14372','69886','20');
INSERT INTO Submissions VALUES ('17809','14372','99326','80');
INSERT INTO Submissions VALUES ('18050','14658','19274','120');
INSERT INTO Submissions VALUES ('18084','14658','25419','80');
INSERT INTO Submissions VALUES ('18109','14658','36420','80');
INSERT INTO Submissions VALUES ('18118','14658','36911','120');
INSERT INTO Submissions VALUES ('18255','14658','37472','120');
INSERT INTO Submissions VALUES ('18310','14658','44764','30');
INSERT INTO Submissions VALUES ('18437','14658','51898','30');
INSERT INTO Submissions VALUES ('18540','14658','61757','80');
INSERT INTO Submissions VALUES ('18570','14658','63530','60');
INSERT INTO Submissions VALUES ('18693','14658','69886','20');
INSERT INTO Submissions VALUES ('18737','14777','11319','30');
INSERT INTO Submissions VALUES ('18849','14777','13910','120');
INSERT INTO Submissions VALUES ('18927','14777','37472','120');
INSERT INTO Submissions VALUES ('18965','14777','44764','30');
INSERT INTO Submissions VALUES ('18971','14777','46441','60');
INSERT INTO Submissions VALUES ('18993','14777','51898','30');
INSERT INTO Submissions VALUES ('19015','14777','55235','60');
INSERT INTO Submissions VALUES ('19133','14777','61757','80');
INSERT INTO Submissions VALUES ('19152','14777','69886','20');
INSERT INTO Submissions VALUES ('19193','14777','93294','60');
INSERT INTO Submissions VALUES ('19230','14777','99326','80');
INSERT INTO Submissions VALUES ('19243','14863','4911','40');
INSERT INTO Submissions VALUES ('19271','14863','11319','30');
INSERT INTO Submissions VALUES ('19324','14863','13910','120');
INSERT INTO Submissions VALUES ('19450','14863','36420','80');
INSERT INTO Submissions VALUES ('19500','14863','44764','30');
INSERT INTO Submissions VALUES ('19504','14863','46441','60');
INSERT INTO Submissions VALUES ('19566','14863','51898','30');
INSERT INTO Submissions VALUES ('19673','14863','69886','20');
INSERT INTO Submissions VALUES ('19696','14863','99326','80');
INSERT INTO Submissions VALUES ('19866','15719','4911','40');
INSERT INTO Submissions VALUES ('19871','15719','11319','30');
INSERT INTO Submissions VALUES ('19881','15719','25419','80');
INSERT INTO Submissions VALUES ('19909','15719','36420','80');
INSERT INTO Submissions VALUES ('19966','15719','36911','120');
INSERT INTO Submissions VALUES ('19975','15719','44764','30');
INSERT INTO Submissions VALUES ('20202','15719','46441','60');
INSERT INTO Submissions VALUES ('20253','15719','51898','30');
INSERT INTO Submissions VALUES ('20351','15719','55235','60');
INSERT INTO Submissions VALUES ('20487','15719','61757','80');
INSERT INTO Submissions VALUES ('20615','15719','68233','80');
INSERT INTO Submissions VALUES ('20710','15719','69855','40');
INSERT INTO Submissions VALUES ('20721','15719','69886','20');
INSERT INTO Submissions VALUES ('20726','15719','93294','60');
INSERT INTO Submissions VALUES ('20778','15719','99326','80');
INSERT INTO Submissions VALUES ('20847','16259','4911','40');
INSERT INTO Submissions VALUES ('20857','16259','11319','30');
INSERT INTO Submissions VALUES ('20920','16259','13910','120');
INSERT INTO Submissions VALUES ('21016','16259','19274','120');
INSERT INTO Submissions VALUES ('21172','16259','36420','80');
INSERT INTO Submissions VALUES ('21196','16259','37472','120');
INSERT INTO Submissions VALUES ('21290','16259','55235','60');
INSERT INTO Submissions VALUES ('21440','16259','61757','80');
INSERT INTO Submissions VALUES ('21463','16259','69886','20');
INSERT INTO Submissions VALUES ('21490','16259','93294','60');
INSERT INTO Submissions VALUES ('21625','16259','99326','80');
INSERT INTO Submissions VALUES ('21664','17295','11319','30');
INSERT INTO Submissions VALUES ('21714','17295','13910','120');
INSERT INTO Submissions VALUES ('21874','17295','36911','120');
INSERT INTO Submissions VALUES ('21884','17295','37472','120');
INSERT INTO Submissions VALUES ('21895','17295','44764','30');
INSERT INTO Submissions VALUES ('21900','17295','46441','60');
INSERT INTO Submissions VALUES ('21956','17295','55235','60');
INSERT INTO Submissions VALUES ('21969','17295','61757','80');
INSERT INTO Submissions VALUES ('22019','17295','63530','60');
INSERT INTO Submissions VALUES ('22045','17295','69855','40');
INSERT INTO Submissions VALUES ('22065','17295','69886','20');
INSERT INTO Submissions VALUES ('22092','17295','93294','60');
INSERT INTO Submissions VALUES ('22112','17762','4911','40');
INSERT INTO Submissions VALUES ('22125','17762','11319','30');
INSERT INTO Submissions VALUES ('22205','17762','13910','120');
INSERT INTO Submissions VALUES ('22207','17762','19274','120');
INSERT INTO Submissions VALUES ('22218','17762','36911','120');
INSERT INTO Submissions VALUES ('22404','17762','37472','120');
INSERT INTO Submissions VALUES ('22566','17762','44764','30');
INSERT INTO Submissions VALUES ('22680','17762','46441','60');
INSERT INTO Submissions VALUES ('22737','17762','55235','60');
INSERT INTO Submissions VALUES ('22744','17762','63530','60');
INSERT INTO Submissions VALUES ('22745','17762','93294','60');
INSERT INTO Submissions VALUES ('22780','18330','4911','40');
INSERT INTO Submissions VALUES ('22806','18330','13910','120');
INSERT INTO Submissions VALUES ('22875','18330','19274','120');
INSERT INTO Submissions VALUES ('22906','18330','36911','120');
INSERT INTO Submissions VALUES ('22946','18330','37472','120');
INSERT INTO Submissions VALUES ('22951','18330','44764','30');
INSERT INTO Submissions VALUES ('22971','18330','46441','60');
INSERT INTO Submissions VALUES ('22997','18330','60691','40');
INSERT INTO Submissions VALUES ('23042','18330','61757','80');
INSERT INTO Submissions VALUES ('23058','18330','69855','40');
INSERT INTO Submissions VALUES ('23133','18330','69886','20');
INSERT INTO Submissions VALUES ('23143','18330','93294','60');
INSERT INTO Submissions VALUES ('23329','18330','99326','80');
INSERT INTO Submissions VALUES ('23342','18690','4911','40');
INSERT INTO Submissions VALUES ('23475','18690','11319','30');
INSERT INTO Submissions VALUES ('23574','18690','19274','120');
INSERT INTO Submissions VALUES ('23606','18690','25419','80');
INSERT INTO Submissions VALUES ('23635','18690','44764','30');
INSERT INTO Submissions VALUES ('23658','18690','60691','40');
INSERT INTO Submissions VALUES ('23660','18690','61757','80');
INSERT INTO Submissions VALUES ('23768','18690','63530','60');
INSERT INTO Submissions VALUES ('23834','18690','69855','40');
INSERT INTO Submissions VALUES ('23839','18983','36911','120');
INSERT INTO Submissions VALUES ('23898','18983','37472','120');
INSERT INTO Submissions VALUES ('23909','18983','51898','30');
INSERT INTO Submissions VALUES ('23919','18983','60691','40');
INSERT INTO Submissions VALUES ('23955','18983','61757','80');
INSERT INTO Submissions VALUES ('23967','18983','68233','80');
INSERT INTO Submissions VALUES ('24120','18983','69855','40');
INSERT INTO Submissions VALUES ('24145','18983','93294','60');
INSERT INTO Submissions VALUES ('24165','18983','99326','80');
INSERT INTO Submissions VALUES ('24221','19076','13910','120');
INSERT INTO Submissions VALUES ('24307','19076','19274','120');
INSERT INTO Submissions VALUES ('24402','19076','36420','80');
INSERT INTO Submissions VALUES ('24575','19076','36911','120');
INSERT INTO Submissions VALUES ('24582','19076','44764','30');
INSERT INTO Submissions VALUES ('24612','19076','46441','60');
INSERT INTO Submissions VALUES ('24796','19076','55235','60');
INSERT INTO Submissions VALUES ('24875','19076','60691','40');
INSERT INTO Submissions VALUES ('24953','19076','69855','40');
INSERT INTO Submissions VALUES ('24961','19076','69886','20');
INSERT INTO Submissions VALUES ('24980','19076','93294','60');
INSERT INTO Submissions VALUES ('24989','19076','99326','80');
INSERT INTO Submissions VALUES ('24991','19448','4911','40');
INSERT INTO Submissions VALUES ('25293','19448','36911','120');
INSERT INTO Submissions VALUES ('25325','19448','37472','120');
INSERT INTO Submissions VALUES ('25400','19448','51898','30');
INSERT INTO Submissions VALUES ('25414','19448','55235','60');
INSERT INTO Submissions VALUES ('25449','19448','61757','80');
INSERT INTO Submissions VALUES ('25465','19448','68233','80');
INSERT INTO Submissions VALUES ('25484','19448','69886','20');
INSERT INTO Submissions VALUES ('25544','19448','93294','60');
INSERT INTO Submissions VALUES ('25567','19448','99326','80');
INSERT INTO Submissions VALUES ('25574','20504','4911','40');
INSERT INTO Submissions VALUES ('25602','20504','19274','120');
INSERT INTO Submissions VALUES ('25663','20504','37472','120');
INSERT INTO Submissions VALUES ('25775','20504','44764','30');
INSERT INTO Submissions VALUES ('25787','20504','46441','60');
INSERT INTO Submissions VALUES ('25804','20504','51898','30');
INSERT INTO Submissions VALUES ('25871','20504','55235','60');
INSERT INTO Submissions VALUES ('25893','20504','61757','80');
INSERT INTO Submissions VALUES ('25910','20504','69855','40');
INSERT INTO Submissions VALUES ('25934','20504','99326','80');
INSERT INTO Submissions VALUES ('25954','20534','19274','120');
INSERT INTO Submissions VALUES ('25995','20534','44764','30');
INSERT INTO Submissions VALUES ('26026','20534','46441','60');
INSERT INTO Submissions VALUES ('26160','20534','51898','30');
INSERT INTO Submissions VALUES ('26217','20534','55235','60');
INSERT INTO Submissions VALUES ('26220','20534','60691','40');
INSERT INTO Submissions VALUES ('26246','20534','61757','80');
INSERT INTO Submissions VALUES ('26260','20534','63530','60');
INSERT INTO Submissions VALUES ('26262','20534','69855','40');
INSERT INTO Submissions VALUES ('26296','20534','69886','20');
INSERT INTO Submissions VALUES ('26342','21212','11319','30');
INSERT INTO Submissions VALUES ('26396','21212','37472','120');
INSERT INTO Submissions VALUES ('26429','21212','44764','30');
INSERT INTO Submissions VALUES ('26466','21212','46441','60');
INSERT INTO Submissions VALUES ('26485','21212','60691','40');
INSERT INTO Submissions VALUES ('26503','21212','61757','80');
INSERT INTO Submissions VALUES ('26523','21212','69855','40');
INSERT INTO Submissions VALUES ('26633','21212','69886','20');
INSERT INTO Submissions VALUES ('26685','21212','99326','80');
INSERT INTO Submissions VALUES ('26760','21463','11319','30');
INSERT INTO Submissions VALUES ('26800','21463','37472','120');
INSERT INTO Submissions VALUES ('26828','21463','44764','30');
INSERT INTO Submissions VALUES ('26848','21463','46441','60');
INSERT INTO Submissions VALUES ('27017','21463','51898','30');
INSERT INTO Submissions VALUES ('27149','21463','55235','60');
INSERT INTO Submissions VALUES ('27189','21463','61757','80');
INSERT INTO Submissions VALUES ('27261','21463','93294','60');
INSERT INTO Submissions VALUES ('27411','22196','11319','30');
INSERT INTO Submissions VALUES ('27467','22196','19274','120');
INSERT INTO Submissions VALUES ('27521','22196','37472','120');
INSERT INTO Submissions VALUES ('27539','22196','60691','40');
INSERT INTO Submissions VALUES ('27593','22196','61757','80');
INSERT INTO Submissions VALUES ('27643','22196','63530','60');
INSERT INTO Submissions VALUES ('27671','22196','68233','80');
INSERT INTO Submissions VALUES ('27776','22196','69855','40');
INSERT INTO Submissions VALUES ('27820','22196','93294','60');
INSERT INTO Submissions VALUES ('27877','22196','99326','80');
INSERT INTO Submissions VALUES ('27878','23278','19274','120');
INSERT INTO Submissions VALUES ('27984','23278','36420','80');
INSERT INTO Submissions VALUES ('28041','23278','37472','120');
INSERT INTO Submissions VALUES ('28099','23278','51898','30');
INSERT INTO Submissions VALUES ('28140','23278','68233','80');
INSERT INTO Submissions VALUES ('28168','23278','69855','40');
INSERT INTO Submissions VALUES ('28180','23278','69886','20');
INSERT INTO Submissions VALUES ('28196','23678','4911','40');
INSERT INTO Submissions VALUES ('28237','23678','13910','120');
INSERT INTO Submissions VALUES ('28266','23678','36911','120');
INSERT INTO Submissions VALUES ('28478','23678','37472','120');
INSERT INTO Submissions VALUES ('28500','23678','46441','60');
INSERT INTO Submissions VALUES ('28525','23678','55235','60');
INSERT INTO Submissions VALUES ('28534','23678','60691','40');
INSERT INTO Submissions VALUES ('28553','23678','69855','40');
INSERT INTO Submissions VALUES ('28627','23678','93294','60');
INSERT INTO Submissions VALUES ('28719','23678','99326','80');
INSERT INTO Submissions VALUES ('28727','24663','4911','40');
INSERT INTO Submissions VALUES ('28729','24663','19274','120');
INSERT INTO Submissions VALUES ('28790','24663','36911','120');
INSERT INTO Submissions VALUES ('28822','24663','51898','30');
INSERT INTO Submissions VALUES ('28869','24663','55235','60');
INSERT INTO Submissions VALUES ('28942','24663','60691','40');
INSERT INTO Submissions VALUES ('28960','24663','93294','60');
INSERT INTO Submissions VALUES ('28974','24663','99326','80');
INSERT INTO Submissions VALUES ('29183','25184','25419','80');
INSERT INTO Submissions VALUES ('29223','25184','44764','30');
INSERT INTO Submissions VALUES ('29274','25184','46441','60');
INSERT INTO Submissions VALUES ('29329','25184','55235','60');
INSERT INTO Submissions VALUES ('29374','25184','60691','40');
INSERT INTO Submissions VALUES ('29398','25184','61757','80');
INSERT INTO Submissions VALUES ('29580','25184','99326','80');
INSERT INTO Submissions VALUES ('29589','25238','25419','80');
INSERT INTO Submissions VALUES ('29894','25238','36420','80');
INSERT INTO Submissions VALUES ('29904','25238','46441','60');
INSERT INTO Submissions VALUES ('29940','25238','63530','60');
INSERT INTO Submissions VALUES ('30001','25238','68233','80');
INSERT INTO Submissions VALUES ('30003','25238','99326','80');
INSERT INTO Submissions VALUES ('30036','25732','4911','40');
INSERT INTO Submissions VALUES ('30058','25732','11319','30');
INSERT INTO Submissions VALUES ('30085','25732','37472','120');
INSERT INTO Submissions VALUES ('30091','25732','44764','30');
INSERT INTO Submissions VALUES ('30119','25732','60691','40');
INSERT INTO Submissions VALUES ('30239','25732','63530','60');
INSERT INTO Submissions VALUES ('30388','25732','69855','40');
INSERT INTO Submissions VALUES ('30407','25732','69886','20');
INSERT INTO Submissions VALUES ('30454','25732','93294','60');
INSERT INTO Submissions VALUES ('30528','26133','11319','30');
INSERT INTO Submissions VALUES ('30554','26133','13910','120');
INSERT INTO Submissions VALUES ('30570','26133','36420','80');
INSERT INTO Submissions VALUES ('30615','26133','37472','120');
INSERT INTO Submissions VALUES ('30673','26133','44764','30');
INSERT INTO Submissions VALUES ('30737','26133','46441','60');
INSERT INTO Submissions VALUES ('30742','26133','51898','30');
INSERT INTO Submissions VALUES ('30841','26133','60691','40');
INSERT INTO Submissions VALUES ('30916','26133','61757','80');
INSERT INTO Submissions VALUES ('30953','26133','68233','80');
INSERT INTO Submissions VALUES ('30976','26133','69855','40');
INSERT INTO Submissions VALUES ('30978','26133','69886','20');
INSERT INTO Submissions VALUES ('31112','26133','93294','60');
INSERT INTO Submissions VALUES ('31141','26243','4911','40');
INSERT INTO Submissions VALUES ('31196','26243','13910','120');
INSERT INTO Submissions VALUES ('31235','26243','25419','80');
INSERT INTO Submissions VALUES ('31237','26243','36911','120');
INSERT INTO Submissions VALUES ('31314','26243','60691','40');
INSERT INTO Submissions VALUES ('31351','26243','69855','40');
INSERT INTO Submissions VALUES ('31353','26243','93294','60');
INSERT INTO Submissions VALUES ('31354','26243','99326','80');
INSERT INTO Submissions VALUES ('31455','26253','4911','40');
INSERT INTO Submissions VALUES ('31479','26253','13910','120');
INSERT INTO Submissions VALUES ('31528','26253','36911','120');
INSERT INTO Submissions VALUES ('31532','26253','37472','120');
INSERT INTO Submissions VALUES ('31544','26253','44764','30');
INSERT INTO Submissions VALUES ('31628','26253','51898','30');
INSERT INTO Submissions VALUES ('31669','26253','60691','40');
INSERT INTO Submissions VALUES ('31813','26253','61757','80');
INSERT INTO Submissions VALUES ('31844','26253','68233','80');
INSERT INTO Submissions VALUES ('31874','26253','69855','40');
INSERT INTO Submissions VALUES ('31888','26253','69886','20');
INSERT INTO Submissions VALUES ('31907','26253','93294','60');
INSERT INTO Submissions VALUES ('32019','26253','99326','80');
INSERT INTO Submissions VALUES ('32034','26289','4911','40');
INSERT INTO Submissions VALUES ('32072','26289','13910','120');
INSERT INTO Submissions VALUES ('32079','26289','46441','60');
INSERT INTO Submissions VALUES ('32094','26289','55235','60');
INSERT INTO Submissions VALUES ('32141','26289','68233','80');
INSERT INTO Submissions VALUES ('32244','26289','69855','40');
INSERT INTO Submissions VALUES ('32272','26289','93294','60');
INSERT INTO Submissions VALUES ('32308','26289','99326','80');
INSERT INTO Submissions VALUES ('32338','26895','4911','40');
INSERT INTO Submissions VALUES ('32372','26895','19274','120');
INSERT INTO Submissions VALUES ('32379','26895','36911','120');
INSERT INTO Submissions VALUES ('32449','26895','37472','120');
INSERT INTO Submissions VALUES ('32501','26895','44764','30');
INSERT INTO Submissions VALUES ('32516','26895','46441','60');
INSERT INTO Submissions VALUES ('32572','26895','51898','30');
INSERT INTO Submissions VALUES ('32632','26895','55235','60');
INSERT INTO Submissions VALUES ('32649','26895','61757','80');
INSERT INTO Submissions VALUES ('32715','26895','63530','60');
INSERT INTO Submissions VALUES ('32882','26895','69855','40');
INSERT INTO Submissions VALUES ('32924','26895','93294','60');
INSERT INTO Submissions VALUES ('32965','27232','4911','40');
INSERT INTO Submissions VALUES ('32966','27232','13910','120');
INSERT INTO Submissions VALUES ('33056','27232','25419','80');
INSERT INTO Submissions VALUES ('33064','27232','36420','80');
INSERT INTO Submissions VALUES ('33085','27232','36911','120');
INSERT INTO Submissions VALUES ('33143','27232','37472','120');
INSERT INTO Submissions VALUES ('33229','27232','44764','30');
INSERT INTO Submissions VALUES ('33274','27232','46441','60');
INSERT INTO Submissions VALUES ('33502','27232','51898','30');
INSERT INTO Submissions VALUES ('33514','27232','60691','40');
INSERT INTO Submissions VALUES ('33517','27232','61757','80');
INSERT INTO Submissions VALUES ('33525','27232','63530','60');
INSERT INTO Submissions VALUES ('33544','27232','68233','80');
INSERT INTO Submissions VALUES ('33568','27232','69886','20');
INSERT INTO Submissions VALUES ('33598','27232','93294','60');
INSERT INTO Submissions VALUES ('33756','27232','99326','80');
INSERT INTO Submissions VALUES ('33819','28250','25419','80');
INSERT INTO Submissions VALUES ('33829','28250','36420','80');
INSERT INTO Submissions VALUES ('33856','28250','36911','120');
INSERT INTO Submissions VALUES ('33878','28250','44764','30');
INSERT INTO Submissions VALUES ('33924','28250','46441','60');
INSERT INTO Submissions VALUES ('33931','28250','51898','30');
INSERT INTO Submissions VALUES ('33985','28250','55235','60');
INSERT INTO Submissions VALUES ('33996','28250','60691','40');
INSERT INTO Submissions VALUES ('34019','28250','63530','60');
INSERT INTO Submissions VALUES ('34053','28275','4911','40');
INSERT INTO Submissions VALUES ('34149','28275','13910','120');
INSERT INTO Submissions VALUES ('34173','28275','36420','80');
INSERT INTO Submissions VALUES ('34222','28275','36911','120');
INSERT INTO Submissions VALUES ('34239','28275','44764','30');
INSERT INTO Submissions VALUES ('34253','28275','51898','30');
INSERT INTO Submissions VALUES ('34284','28275','55235','60');
INSERT INTO Submissions VALUES ('34321','28275','60691','40');
INSERT INTO Submissions VALUES ('34351','28275','68233','80');
INSERT INTO Submissions VALUES ('34466','28275','69855','40');
INSERT INTO Submissions VALUES ('34665','28275','69886','20');
INSERT INTO Submissions VALUES ('34717','28299','4911','40');
INSERT INTO Submissions VALUES ('34917','28299','11319','30');
INSERT INTO Submissions VALUES ('35067','28299','36911','120');
INSERT INTO Submissions VALUES ('35204','28299','37472','120');
INSERT INTO Submissions VALUES ('35288','28299','44764','30');
INSERT INTO Submissions VALUES ('35328','28299','46441','60');
INSERT INTO Submissions VALUES ('35355','28299','60691','40');
INSERT INTO Submissions VALUES ('35389','28299','63530','60');
INSERT INTO Submissions VALUES ('35530','28299','68233','80');
INSERT INTO Submissions VALUES ('35575','28299','69855','40');
INSERT INTO Submissions VALUES ('35578','28614','4911','40');
INSERT INTO Submissions VALUES ('35608','28614','19274','120');
INSERT INTO Submissions VALUES ('35620','28614','25419','80');
INSERT INTO Submissions VALUES ('35632','28614','36420','80');
INSERT INTO Submissions VALUES ('35638','28614','36911','120');
INSERT INTO Submissions VALUES ('35652','28614','37472','120');
INSERT INTO Submissions VALUES ('35676','28614','46441','60');
INSERT INTO Submissions VALUES ('35682','28614','51898','30');
INSERT INTO Submissions VALUES ('35742','28614','55235','60');
INSERT INTO Submissions VALUES ('35783','28614','60691','40');
INSERT INTO Submissions VALUES ('35854','28614','63530','60');
INSERT INTO Submissions VALUES ('35914','28614','68233','80');
INSERT INTO Submissions VALUES ('35920','28614','69855','40');
INSERT INTO Submissions VALUES ('35942','28614','69886','20');
INSERT INTO Submissions VALUES ('36031','28614','93294','60');
INSERT INTO Submissions VALUES ('36065','28614','99326','80');
INSERT INTO Submissions VALUES ('36115','30128','4911','40');
INSERT INTO Submissions VALUES ('36159','30128','11319','30');
INSERT INTO Submissions VALUES ('36177','30128','13910','120');
INSERT INTO Submissions VALUES ('36192','30128','19274','120');
INSERT INTO Submissions VALUES ('36195','30128','25419','80');
INSERT INTO Submissions VALUES ('36269','30128','36420','80');
INSERT INTO Submissions VALUES ('36325','30128','36911','120');
INSERT INTO Submissions VALUES ('36331','30128','44764','30');
INSERT INTO Submissions VALUES ('36344','30128','46441','60');
INSERT INTO Submissions VALUES ('36475','30128','60691','40');
INSERT INTO Submissions VALUES ('36553','30128','61757','80');
INSERT INTO Submissions VALUES ('36629','30128','68233','80');
INSERT INTO Submissions VALUES ('36692','30128','69855','40');
INSERT INTO Submissions VALUES ('36758','30721','4911','40');
INSERT INTO Submissions VALUES ('36766','30721','13910','120');
INSERT INTO Submissions VALUES ('36891','30721','19274','120');
INSERT INTO Submissions VALUES ('36895','30721','36420','80');
INSERT INTO Submissions VALUES ('36901','30721','37472','120');
INSERT INTO Submissions VALUES ('36975','30721','44764','30');
INSERT INTO Submissions VALUES ('37022','30721','46441','60');
INSERT INTO Submissions VALUES ('37077','30721','55235','60');
INSERT INTO Submissions VALUES ('37101','30721','60691','40');
INSERT INTO Submissions VALUES ('37107','30721','63530','60');
INSERT INTO Submissions VALUES ('37157','30755','19274','120');
INSERT INTO Submissions VALUES ('37160','30755','44764','30');
INSERT INTO Submissions VALUES ('37239','30755','51898','30');
INSERT INTO Submissions VALUES ('37326','30755','55235','60');
INSERT INTO Submissions VALUES ('37328','30755','60691','40');
INSERT INTO Submissions VALUES ('37362','30755','61757','80');
INSERT INTO Submissions VALUES ('37399','30755','68233','80');
INSERT INTO Submissions VALUES ('37403','30755','93294','60');
INSERT INTO Submissions VALUES ('37478','30755','99326','80');
INSERT INTO Submissions VALUES ('37574','32121','4911','40');
INSERT INTO Submissions VALUES ('37590','32121','19274','120');
INSERT INTO Submissions VALUES ('37631','32121','36420','80');
INSERT INTO Submissions VALUES ('37797','32121','37472','120');
INSERT INTO Submissions VALUES ('37860','32121','51898','30');
INSERT INTO Submissions VALUES ('37898','32121','60691','40');
INSERT INTO Submissions VALUES ('38134','32121','68233','80');
INSERT INTO Submissions VALUES ('38144','32172','13910','120');
INSERT INTO Submissions VALUES ('38171','32172','25419','80');
INSERT INTO Submissions VALUES ('38179','32172','36420','80');
INSERT INTO Submissions VALUES ('38278','32172','36911','120');
INSERT INTO Submissions VALUES ('38403','32172','44764','30');
INSERT INTO Submissions VALUES ('38445','32172','46441','60');
INSERT INTO Submissions VALUES ('38474','32172','51898','30');
INSERT INTO Submissions VALUES ('38497','32172','63530','60');
INSERT INTO Submissions VALUES ('38549','32172','69855','40');
INSERT INTO Submissions VALUES ('38579','32172','69886','20');
INSERT INTO Submissions VALUES ('38591','32172','93294','60');
INSERT INTO Submissions VALUES ('38598','32172','99326','80');
INSERT INTO Submissions VALUES ('38693','32254','4911','40');
INSERT INTO Submissions VALUES ('38750','32254','11319','30');
INSERT INTO Submissions VALUES ('38756','32254','36911','120');
INSERT INTO Submissions VALUES ('38804','32254','37472','120');
INSERT INTO Submissions VALUES ('38834','32254','44764','30');
INSERT INTO Submissions VALUES ('38887','32254','51898','30');
INSERT INTO Submissions VALUES ('38934','32254','55235','60');
INSERT INTO Submissions VALUES ('38983','32254','69886','20');
INSERT INTO Submissions VALUES ('38992','32254','93294','60');
INSERT INTO Submissions VALUES ('38996','32254','99326','80');
INSERT INTO Submissions VALUES ('39007','34242','4911','40');
INSERT INTO Submissions VALUES ('39190','34242','37472','120');
INSERT INTO Submissions VALUES ('39219','34242','46441','60');
INSERT INTO Submissions VALUES ('39276','34242','51898','30');
INSERT INTO Submissions VALUES ('39370','34242','60691','40');
INSERT INTO Submissions VALUES ('39507','34242','99326','80');
INSERT INTO Submissions VALUES ('39613','35583','11319','30');
INSERT INTO Submissions VALUES ('39621','35583','13910','120');
INSERT INTO Submissions VALUES ('39757','35583','19274','120');
INSERT INTO Submissions VALUES ('39856','35583','25419','80');
INSERT INTO Submissions VALUES ('39929','35583','36420','80');
INSERT INTO Submissions VALUES ('39964','35583','36911','120');
INSERT INTO Submissions VALUES ('40020','35583','44764','30');
INSERT INTO Submissions VALUES ('40059','35583','46441','60');
INSERT INTO Submissions VALUES ('40160','35583','60691','40');
INSERT INTO Submissions VALUES ('40242','35583','63530','60');
INSERT INTO Submissions VALUES ('40294','35583','69886','20');
INSERT INTO Submissions VALUES ('40297','35583','93294','60');
INSERT INTO Submissions VALUES ('40351','35583','99326','80');
INSERT INTO Submissions VALUES ('40403','36228','4911','40');
INSERT INTO Submissions VALUES ('40441','36228','13910','120');
INSERT INTO Submissions VALUES ('40443','36228','19274','120');
INSERT INTO Submissions VALUES ('40485','36228','25419','80');
INSERT INTO Submissions VALUES ('40491','36228','37472','120');
INSERT INTO Submissions VALUES ('40581','36228','51898','30');
INSERT INTO Submissions VALUES ('40632','36228','55235','60');
INSERT INTO Submissions VALUES ('40716','36228','60691','40');
INSERT INTO Submissions VALUES ('40790','36228','61757','80');
INSERT INTO Submissions VALUES ('40797','36228','68233','80');
INSERT INTO Submissions VALUES ('40800','36228','69855','40');
INSERT INTO Submissions VALUES ('41032','36322','13910','120');
INSERT INTO Submissions VALUES ('41053','36322','36420','80');
INSERT INTO Submissions VALUES ('41092','36322','36911','120');
INSERT INTO Submissions VALUES ('41192','36322','51898','30');
INSERT INTO Submissions VALUES ('41293','36322','63530','60');
INSERT INTO Submissions VALUES ('41300','36322','69886','20');
INSERT INTO Submissions VALUES ('41332','36322','99326','80');
INSERT INTO Submissions VALUES ('41349','37704','4911','40');
INSERT INTO Submissions VALUES ('41357','37704','19274','120');
INSERT INTO Submissions VALUES ('41359','37704','25419','80');
INSERT INTO Submissions VALUES ('41375','37704','36420','80');
INSERT INTO Submissions VALUES ('41462','37704','37472','120');
INSERT INTO Submissions VALUES ('41509','37704','44764','30');
INSERT INTO Submissions VALUES ('41549','37704','46441','60');
INSERT INTO Submissions VALUES ('41643','37704','60691','40');
INSERT INTO Submissions VALUES ('41662','37704','68233','80');
INSERT INTO Submissions VALUES ('41671','37704','69855','40');
INSERT INTO Submissions VALUES ('41835','37704','99326','80');
INSERT INTO Submissions VALUES ('41982','38852','4911','40');
INSERT INTO Submissions VALUES ('41988','38852','13910','120');
INSERT INTO Submissions VALUES ('41995','38852','36911','120');
INSERT INTO Submissions VALUES ('42019','38852','37472','120');
INSERT INTO Submissions VALUES ('42028','38852','46441','60');
INSERT INTO Submissions VALUES ('42101','38852','51898','30');
INSERT INTO Submissions VALUES ('42115','38852','61757','80');
INSERT INTO Submissions VALUES ('42120','38852','69855','40');
INSERT INTO Submissions VALUES ('42130','38852','99326','80');
INSERT INTO Submissions VALUES ('42211','39277','13910','120');
INSERT INTO Submissions VALUES ('42223','39277','19274','120');
INSERT INTO Submissions VALUES ('42330','39277','25419','80');
INSERT INTO Submissions VALUES ('42489','39277','36420','80');
INSERT INTO Submissions VALUES ('42491','39277','36911','120');
INSERT INTO Submissions VALUES ('42551','39277','44764','30');
INSERT INTO Submissions VALUES ('42677','39277','60691','40');
INSERT INTO Submissions VALUES ('42766','39277','99326','80');
INSERT INTO Submissions VALUES ('42811','39771','4911','40');
INSERT INTO Submissions VALUES ('42865','39771','13910','120');
INSERT INTO Submissions VALUES ('42949','39771','19274','120');
INSERT INTO Submissions VALUES ('42963','39771','37472','120');
INSERT INTO Submissions VALUES ('42977','39771','46441','60');
INSERT INTO Submissions VALUES ('43121','39771','61757','80');
INSERT INTO Submissions VALUES ('43139','39782','19274','120');
INSERT INTO Submissions VALUES ('43171','39782','51898','30');
INSERT INTO Submissions VALUES ('43231','39782','60691','40');
INSERT INTO Submissions VALUES ('43302','39782','61757','80');
INSERT INTO Submissions VALUES ('43357','39782','68233','80');
INSERT INTO Submissions VALUES ('43463','39782','69886','20');
INSERT INTO Submissions VALUES ('43484','39782','99326','80');
INSERT INTO Submissions VALUES ('43498','40226','19274','120');
INSERT INTO Submissions VALUES ('43536','40226','25419','80');
INSERT INTO Submissions VALUES ('43537','40226','37472','120');
INSERT INTO Submissions VALUES ('43609','40226','44764','30');
INSERT INTO Submissions VALUES ('43628','40226','51898','30');
INSERT INTO Submissions VALUES ('43638','40226','55235','60');
INSERT INTO Submissions VALUES ('43739','40226','60691','40');
INSERT INTO Submissions VALUES ('43833','40226','63530','60');
INSERT INTO Submissions VALUES ('43875','40226','68233','80');
INSERT INTO Submissions VALUES ('43954','40226','69855','40');
INSERT INTO Submissions VALUES ('44258','40226','99326','80');
INSERT INTO Submissions VALUES ('44267','40257','19274','120');
INSERT INTO Submissions VALUES ('44298','40257','36420','80');
INSERT INTO Submissions VALUES ('44311','40257','46441','60');
INSERT INTO Submissions VALUES ('44316','40257','60691','40');
INSERT INTO Submissions VALUES ('44334','40257','63530','60');
INSERT INTO Submissions VALUES ('44335','40257','69886','20');
INSERT INTO Submissions VALUES ('44433','40257','99326','80');
INSERT INTO Submissions VALUES ('44707','41293','4911','40');
INSERT INTO Submissions VALUES ('45046','41293','13910','120');
INSERT INTO Submissions VALUES ('45052','41293','19274','120');
INSERT INTO Submissions VALUES ('45079','41293','25419','80');
INSERT INTO Submissions VALUES ('45132','41293','36420','80');
INSERT INTO Submissions VALUES ('45294','41293','36911','120');
INSERT INTO Submissions VALUES ('45328','41293','44764','30');
INSERT INTO Submissions VALUES ('45409','41293','55235','60');
INSERT INTO Submissions VALUES ('45420','41293','61757','80');
INSERT INTO Submissions VALUES ('45451','41293','68233','80');
INSERT INTO Submissions VALUES ('45513','41293','93294','60');
INSERT INTO Submissions VALUES ('45523','41293','99326','80');
INSERT INTO Submissions VALUES ('45650','41319','11319','30');
INSERT INTO Submissions VALUES ('45653','41319','25419','80');
INSERT INTO Submissions VALUES ('45664','41319','37472','120');
INSERT INTO Submissions VALUES ('45681','41319','61757','80');
INSERT INTO Submissions VALUES ('45684','41319','68233','80');
INSERT INTO Submissions VALUES ('45779','41319','69855','40');
INSERT INTO Submissions VALUES ('45896','41319','99326','80');
INSERT INTO Submissions VALUES ('45906','42052','36420','80');
INSERT INTO Submissions VALUES ('45941','42052','37472','120');
INSERT INTO Submissions VALUES ('45972','42052','44764','30');
INSERT INTO Submissions VALUES ('46005','42052','60691','40');
INSERT INTO Submissions VALUES ('46010','42052','61757','80');
INSERT INTO Submissions VALUES ('46081','42052','63530','60');
INSERT INTO Submissions VALUES ('46083','42052','68233','80');
INSERT INTO Submissions VALUES ('46222','42052','69855','40');
INSERT INTO Submissions VALUES ('46234','42052','69886','20');
INSERT INTO Submissions VALUES ('46282','43892','4911','40');
INSERT INTO Submissions VALUES ('46287','43892','11319','30');
INSERT INTO Submissions VALUES ('46332','43892','13910','120');
INSERT INTO Submissions VALUES ('46429','43892','25419','80');
INSERT INTO Submissions VALUES ('46517','43892','36911','120');
INSERT INTO Submissions VALUES ('46518','43892','37472','120');
INSERT INTO Submissions VALUES ('46521','43892','44764','30');
INSERT INTO Submissions VALUES ('46642','43892','46441','60');
INSERT INTO Submissions VALUES ('46698','43892','51898','30');
INSERT INTO Submissions VALUES ('46720','43892','55235','60');
INSERT INTO Submissions VALUES ('46721','43892','61757','80');
INSERT INTO Submissions VALUES ('46726','43892','63530','60');
INSERT INTO Submissions VALUES ('46738','43892','68233','80');
INSERT INTO Submissions VALUES ('46787','43892','69855','40');
INSERT INTO Submissions VALUES ('46895','43892','93294','60');
INSERT INTO Submissions VALUES ('47033','44188','13910','120');
INSERT INTO Submissions VALUES ('47064','44188','36420','80');
INSERT INTO Submissions VALUES ('47082','44188','37472','120');
INSERT INTO Submissions VALUES ('47105','44188','46441','60');
INSERT INTO Submissions VALUES ('47145','44188','60691','40');
INSERT INTO Submissions VALUES ('47252','44188','61757','80');
INSERT INTO Submissions VALUES ('47255','44188','63530','60');
INSERT INTO Submissions VALUES ('47301','44188','68233','80');
INSERT INTO Submissions VALUES ('47313','44188','69855','40');
INSERT INTO Submissions VALUES ('47321','45386','13910','120');
INSERT INTO Submissions VALUES ('47340','45386','25419','80');
INSERT INTO Submissions VALUES ('47391','45386','36420','80');
INSERT INTO Submissions VALUES ('47449','45386','36911','120');
INSERT INTO Submissions VALUES ('47459','45386','37472','120');
INSERT INTO Submissions VALUES ('47561','45386','44764','30');
INSERT INTO Submissions VALUES ('47601','45386','55235','60');
INSERT INTO Submissions VALUES ('47630','45386','63530','60');
INSERT INTO Submissions VALUES ('47662','45386','68233','80');
INSERT INTO Submissions VALUES ('47676','45386','69855','40');
INSERT INTO Submissions VALUES ('47714','45386','69886','20');
INSERT INTO Submissions VALUES ('47771','45386','93294','60');
INSERT INTO Submissions VALUES ('47795','45785','4911','40');
INSERT INTO Submissions VALUES ('47831','45785','19274','120');
INSERT INTO Submissions VALUES ('47847','45785','36420','80');
INSERT INTO Submissions VALUES ('47849','45785','36911','120');
INSERT INTO Submissions VALUES ('47952','45785','37472','120');
INSERT INTO Submissions VALUES ('48021','45785','44764','30');
INSERT INTO Submissions VALUES ('48058','45785','46441','60');
INSERT INTO Submissions VALUES ('48186','45785','51898','30');
INSERT INTO Submissions VALUES ('48325','45785','60691','40');
INSERT INTO Submissions VALUES ('48339','45785','63530','60');
INSERT INTO Submissions VALUES ('48360','45785','69855','40');
INSERT INTO Submissions VALUES ('48379','45785','93294','60');
INSERT INTO Submissions VALUES ('48431','46205','4911','40');
INSERT INTO Submissions VALUES ('48434','46205','11319','30');
INSERT INTO Submissions VALUES ('48435','46205','19274','120');
INSERT INTO Submissions VALUES ('48447','46205','37472','120');
INSERT INTO Submissions VALUES ('48656','46205','44764','30');
INSERT INTO Submissions VALUES ('48671','46205','61757','80');
INSERT INTO Submissions VALUES ('48715','46205','63530','60');
INSERT INTO Submissions VALUES ('48720','46205','69855','40');
INSERT INTO Submissions VALUES ('48724','46205','69886','20');
INSERT INTO Submissions VALUES ('48753','46205','99326','80');
INSERT INTO Submissions VALUES ('48759','47641','13910','120');
INSERT INTO Submissions VALUES ('48845','47641','19274','120');
INSERT INTO Submissions VALUES ('48854','47641','25419','80');
INSERT INTO Submissions VALUES ('48857','47641','36420','80');
INSERT INTO Submissions VALUES ('48921','47641','37472','120');
INSERT INTO Submissions VALUES ('48950','47641','51898','30');
INSERT INTO Submissions VALUES ('49013','47641','55235','60');
INSERT INTO Submissions VALUES ('49074','47641','61757','80');
INSERT INTO Submissions VALUES ('49129','47641','68233','80');
INSERT INTO Submissions VALUES ('49171','47641','99326','80');
INSERT INTO Submissions VALUES ('49174','48984','11319','30');
INSERT INTO Submissions VALUES ('49214','48984','25419','80');
INSERT INTO Submissions VALUES ('49237','48984','36420','80');
INSERT INTO Submissions VALUES ('49292','48984','46441','60');
INSERT INTO Submissions VALUES ('49421','48984','51898','30');
INSERT INTO Submissions VALUES ('49451','48984','61757','80');
INSERT INTO Submissions VALUES ('49487','48984','63530','60');
INSERT INTO Submissions VALUES ('49553','48984','68233','80');
INSERT INTO Submissions VALUES ('49558','48984','93294','60');
INSERT INTO Submissions VALUES ('49574','49307','4911','40');
INSERT INTO Submissions VALUES ('49656','49307','11319','30');
INSERT INTO Submissions VALUES ('49672','49307','19274','120');
INSERT INTO Submissions VALUES ('49699','49307','36420','80');
INSERT INTO Submissions VALUES ('49726','49307','36911','120');
INSERT INTO Submissions VALUES ('49804','49307','37472','120');
INSERT INTO Submissions VALUES ('49806','49307','44764','30');
INSERT INTO Submissions VALUES ('49845','49307','46441','60');
INSERT INTO Submissions VALUES ('49854','49307','51898','30');
INSERT INTO Submissions VALUES ('49909','49307','61757','80');
INSERT INTO Submissions VALUES ('49916','49307','63530','60');
INSERT INTO Submissions VALUES ('50110','49652','13910','120');
INSERT INTO Submissions VALUES ('50140','49652','19274','120');
INSERT INTO Submissions VALUES ('50210','49652','25419','80');
INSERT INTO Submissions VALUES ('50333','49652','36420','80');
INSERT INTO Submissions VALUES ('50399','49652','46441','60');
INSERT INTO Submissions VALUES ('50480','49652','51898','30');
INSERT INTO Submissions VALUES ('50586','49652','55235','60');
INSERT INTO Submissions VALUES ('50623','49652','61757','80');
INSERT INTO Submissions VALUES ('50669','49652','63530','60');
INSERT INTO Submissions VALUES ('50690','49652','69855','40');
INSERT INTO Submissions VALUES ('50696','49652','69886','20');
INSERT INTO Submissions VALUES ('50713','49652','93294','60');
INSERT INTO Submissions VALUES ('50746','49789','4911','40');
INSERT INTO Submissions VALUES ('50765','49789','11319','30');
INSERT INTO Submissions VALUES ('50863','49789','13910','120');
INSERT INTO Submissions VALUES ('50867','49789','19274','120');
INSERT INTO Submissions VALUES ('50868','49789','36911','80');
INSERT INTO Submissions VALUES ('50922','49789','37472','6');
INSERT INTO Submissions VALUES ('51068','49789','44764','30');
INSERT INTO Submissions VALUES ('51277','49789','46441','6');
INSERT INTO Submissions VALUES ('51286','49789','60691','9');
INSERT INTO Submissions VALUES ('51489','49789','61757','79');
INSERT INTO Submissions VALUES ('51495','49789','68233','47');
INSERT INTO Submissions VALUES ('51504','49789','69855','20');
INSERT INTO Submissions VALUES ('51547','49789','69886','1');
INSERT INTO Submissions VALUES ('51615','49789','93294','38');
INSERT INTO Submissions VALUES ('51643','49789','99326','35');
INSERT INTO Submissions VALUES ('51685','50081','19274','4');
INSERT INTO Submissions VALUES ('51728','50081','25419','74');
INSERT INTO Submissions VALUES ('51743','50081','36420','9');
INSERT INTO Submissions VALUES ('51773','50081','51898','24');
INSERT INTO Submissions VALUES ('51784','50081','55235','34');
INSERT INTO Submissions VALUES ('51805','50081','61757','47');
INSERT INTO Submissions VALUES ('51842','50081','63530','14');
INSERT INTO Submissions VALUES ('51856','50081','69886','19');
INSERT INTO Submissions VALUES ('51955','50274','13910','34');
INSERT INTO Submissions VALUES ('52022','50274','36420','18');
INSERT INTO Submissions VALUES ('52051','50274','36911','82');
INSERT INTO Submissions VALUES ('52168','50274','44764','23');
INSERT INTO Submissions VALUES ('52253','50274','60691','39');
INSERT INTO Submissions VALUES ('52261','50274','63530','19');
INSERT INTO Submissions VALUES ('52367','50274','68233','20');
INSERT INTO Submissions VALUES ('52426','50274','69855','27');
INSERT INTO Submissions VALUES ('52532','50274','69886','8');
INSERT INTO Submissions VALUES ('52576','50274','93294','17');
INSERT INTO Submissions VALUES ('52585','50274','99326','12');
INSERT INTO Submissions VALUES ('52609','50393','13910','28');
INSERT INTO Submissions VALUES ('52619','50393','19274','17');
INSERT INTO Submissions VALUES ('52634','50393','36420','38');
INSERT INTO Submissions VALUES ('52726','50393','36911','34');
INSERT INTO Submissions VALUES ('52753','50393','37472','38');
INSERT INTO Submissions VALUES ('52774','50393','46441','31');
INSERT INTO Submissions VALUES ('52776','50393','51898','21');
INSERT INTO Submissions VALUES ('52822','50393','55235','4');
INSERT INTO Submissions VALUES ('52863','50393','60691','24');
INSERT INTO Submissions VALUES ('52961','50393','63530','30');
INSERT INTO Submissions VALUES ('53045','50393','68233','57');
INSERT INTO Submissions VALUES ('53079','50393','69855','25');
INSERT INTO Submissions VALUES ('53085','50393','93294','50');
INSERT INTO Submissions VALUES ('53089','50393','99326','49');
INSERT INTO Submissions VALUES ('53145','51385','19274','14');
INSERT INTO Submissions VALUES ('53206','51385','36420','12');
INSERT INTO Submissions VALUES ('53207','51385','37472','67');
INSERT INTO Submissions VALUES ('53238','51385','46441','59');
INSERT INTO Submissions VALUES ('53242','51385','51898','28');
INSERT INTO Submissions VALUES ('53243','51385','60691','19');
INSERT INTO Submissions VALUES ('53267','51385','61757','20');
INSERT INTO Submissions VALUES ('53316','51385','68233','47');
INSERT INTO Submissions VALUES ('53450','51385','69855','3');
INSERT INTO Submissions VALUES ('53500','51385','69886','10');
INSERT INTO Submissions VALUES ('53533','51385','93294','49');
INSERT INTO Submissions VALUES ('53589','51410','4911','17');
INSERT INTO Submissions VALUES ('53653','51410','11319','17');
INSERT INTO Submissions VALUES ('53702','51410','25419','27');
INSERT INTO Submissions VALUES ('53715','51410','36420','19');
INSERT INTO Submissions VALUES ('53775','51410','36911','1');
INSERT INTO Submissions VALUES ('53776','51410','44764','17');
INSERT INTO Submissions VALUES ('53820','51410','51898','30');
INSERT INTO Submissions VALUES ('53825','51410','55235','5');
INSERT INTO Submissions VALUES ('53831','51410','60691','27');
INSERT INTO Submissions VALUES ('54062','51410','61757','49');
INSERT INTO Submissions VALUES ('54090','51410','68233','31');
INSERT INTO Submissions VALUES ('54112','51410','69855','19');
INSERT INTO Submissions VALUES ('54128','51503','13910','13');
INSERT INTO Submissions VALUES ('54203','51503','19274','40');
INSERT INTO Submissions VALUES ('54237','51503','25419','63');
INSERT INTO Submissions VALUES ('54319','51503','36420','18');
INSERT INTO Submissions VALUES ('54331','51503','36911','47');
INSERT INTO Submissions VALUES ('54513','51503','44764','30');
INSERT INTO Submissions VALUES ('54564','51503','46441','11');
INSERT INTO Submissions VALUES ('54601','51503','51898','13');
INSERT INTO Submissions VALUES ('54773','51503','55235','50');
INSERT INTO Submissions VALUES ('54811','51503','60691','39');
INSERT INTO Submissions VALUES ('54840','51503','68233','25');
INSERT INTO Submissions VALUES ('54872','51503','99326','54');
INSERT INTO Submissions VALUES ('54904','51906','11319','29');
INSERT INTO Submissions VALUES ('54924','51906','13910','13');
INSERT INTO Submissions VALUES ('54982','51906','36420','51');
INSERT INTO Submissions VALUES ('55029','51906','36911','83');
INSERT INTO Submissions VALUES ('55247','51906','37472','21');
INSERT INTO Submissions VALUES ('55277','51906','46441','2');
INSERT INTO Submissions VALUES ('55333','51906','55235','15');
INSERT INTO Submissions VALUES ('55355','51906','60691','27');
INSERT INTO Submissions VALUES ('55395','51906','63530','24');
INSERT INTO Submissions VALUES ('55450','51906','69855','34');
INSERT INTO Submissions VALUES ('55560','51906','69886','11');
INSERT INTO Submissions VALUES ('55626','51906','93294','5');
INSERT INTO Submissions VALUES ('55642','51906','99326','52');
INSERT INTO Submissions VALUES ('55668','52184','4911','40');
INSERT INTO Submissions VALUES ('55676','52184','36420','1');
INSERT INTO Submissions VALUES ('55705','52184','37472','98');
INSERT INTO Submissions VALUES ('55789','52184','44764','17');
INSERT INTO Submissions VALUES ('55898','52184','60691','3');
INSERT INTO Submissions VALUES ('55925','52184','61757','3');
INSERT INTO Submissions VALUES ('55928','52184','63530','53');
INSERT INTO Submissions VALUES ('55935','52184','68233','72');
INSERT INTO Submissions VALUES ('55951','52184','69855','34');
INSERT INTO Submissions VALUES ('55954','52184','93294','57');
INSERT INTO Submissions VALUES ('56056','52274','11319','25');
INSERT INTO Submissions VALUES ('56073','52274','25419','2');
INSERT INTO Submissions VALUES ('56164','52274','36420','65');
INSERT INTO Submissions VALUES ('56189','52274','36911','67');
INSERT INTO Submissions VALUES ('56234','52274','46441','37');
INSERT INTO Submissions VALUES ('56407','52274','60691','26');
INSERT INTO Submissions VALUES ('56419','52274','68233','1');
INSERT INTO Submissions VALUES ('56440','52274','69886','19');
INSERT INTO Submissions VALUES ('56460','52274','93294','7');
INSERT INTO Submissions VALUES ('56468','52500','25419','2');
INSERT INTO Submissions VALUES ('56470','52500','36420','27');
INSERT INTO Submissions VALUES ('56513','52500','36911','112');
INSERT INTO Submissions VALUES ('56521','52500','46441','56');
INSERT INTO Submissions VALUES ('56597','52500','55235','25');
INSERT INTO Submissions VALUES ('56781','52500','60691','13');
INSERT INTO Submissions VALUES ('56870','52500','69855','20');
INSERT INTO Submissions VALUES ('56878','53315','4911','35');
INSERT INTO Submissions VALUES ('56883','53315','13910','95');
INSERT INTO Submissions VALUES ('56902','53315','19274','56');
INSERT INTO Submissions VALUES ('56929','53315','36420','11');
INSERT INTO Submissions VALUES ('56946','53315','37472','118');
INSERT INTO Submissions VALUES ('56984','53315','44764','24');
INSERT INTO Submissions VALUES ('57017','53315','46441','40');
INSERT INTO Submissions VALUES ('57030','53315','51898','27');
INSERT INTO Submissions VALUES ('57093','53315','55235','1');
INSERT INTO Submissions VALUES ('57123','53315','60691','19');
INSERT INTO Submissions VALUES ('57155','53315','61757','49');
INSERT INTO Submissions VALUES ('57163','53315','63530','35');
INSERT INTO Submissions VALUES ('57209','53315','68233','25');
INSERT INTO Submissions VALUES ('57225','53315','69886','4');
INSERT INTO Submissions VALUES ('57301','53315','93294','8');
INSERT INTO Submissions VALUES ('57305','54055','11319','29');
INSERT INTO Submissions VALUES ('57422','54055','36911','45');
INSERT INTO Submissions VALUES ('57430','54055','55235','23');
INSERT INTO Submissions VALUES ('57482','54055','60691','36');
INSERT INTO Submissions VALUES ('57489','54055','61757','37');
INSERT INTO Submissions VALUES ('57560','54055','68233','54');
INSERT INTO Submissions VALUES ('57613','54055','93294','57');
INSERT INTO Submissions VALUES ('57646','54055','99326','49');
INSERT INTO Submissions VALUES ('57682','54300','4911','17');
INSERT INTO Submissions VALUES ('57696','54300','13910','13');
INSERT INTO Submissions VALUES ('57786','54300','37472','54');
INSERT INTO Submissions VALUES ('57808','54300','46441','39');
INSERT INTO Submissions VALUES ('57830','54300','51898','20');
INSERT INTO Submissions VALUES ('57844','54300','60691','15');
INSERT INTO Submissions VALUES ('57897','54300','63530','20');
INSERT INTO Submissions VALUES ('57907','54300','68233','18');
INSERT INTO Submissions VALUES ('57952','54300','69855','3');
INSERT INTO Submissions VALUES ('57965','54300','69886','2');
INSERT INTO Submissions VALUES ('57993','54300','93294','58');
INSERT INTO Submissions VALUES ('58205','55007','11319','2');
INSERT INTO Submissions VALUES ('58246','55007','13910','11');
INSERT INTO Submissions VALUES ('58376','55007','36420','47');
INSERT INTO Submissions VALUES ('58473','55007','36911','114');
INSERT INTO Submissions VALUES ('58491','55007','37472','14');
INSERT INTO Submissions VALUES ('58651','55007','46441','4');
INSERT INTO Submissions VALUES ('58772','55007','51898','7');
INSERT INTO Submissions VALUES ('58865','55007','55235','18');
INSERT INTO Submissions VALUES ('58876','55007','60691','33');
INSERT INTO Submissions VALUES ('58921','55007','61757','78');
INSERT INTO Submissions VALUES ('58951','55007','69886','20');
INSERT INTO Submissions VALUES ('58978','55107','11319','28');
INSERT INTO Submissions VALUES ('59007','55107','36420','35');
INSERT INTO Submissions VALUES ('59020','55107','44764','23');
INSERT INTO Submissions VALUES ('59049','55107','46441','23');
INSERT INTO Submissions VALUES ('59086','55107','55235','28');
INSERT INTO Submissions VALUES ('59273','55107','60691','20');
INSERT INTO Submissions VALUES ('59309','55107','61757','43');
INSERT INTO Submissions VALUES ('59431','55107','63530','57');
INSERT INTO Submissions VALUES ('59433','55107','93294','21');
INSERT INTO Submissions VALUES ('59468','55107','99326','17');
INSERT INTO Submissions VALUES ('59472','55635','4911','34');
INSERT INTO Submissions VALUES ('59506','55635','13910','51');
INSERT INTO Submissions VALUES ('59530','55635','36420','11');
INSERT INTO Submissions VALUES ('59575','55635','44764','24');
INSERT INTO Submissions VALUES ('59580','55635','51898','27');
INSERT INTO Submissions VALUES ('59602','55635','55235','42');
INSERT INTO Submissions VALUES ('59603','55635','68233','16');
INSERT INTO Submissions VALUES ('59626','55635','69855','23');
INSERT INTO Submissions VALUES ('59632','55635','69886','10');
INSERT INTO Submissions VALUES ('59633','56050','25419','56');
INSERT INTO Submissions VALUES ('59658','56050','36420','60');
INSERT INTO Submissions VALUES ('59700','56050','36911','44');
INSERT INTO Submissions VALUES ('59717','56050','44764','13');
INSERT INTO Submissions VALUES ('59811','56050','46441','12');
INSERT INTO Submissions VALUES ('59814','56050','51898','27');
INSERT INTO Submissions VALUES ('59860','56050','55235','4');
INSERT INTO Submissions VALUES ('59940','56050','61757','61');
INSERT INTO Submissions VALUES ('60007','56050','63530','12');
INSERT INTO Submissions VALUES ('60031','56050','69886','6');
INSERT INTO Submissions VALUES ('60037','56050','93294','12');
INSERT INTO Submissions VALUES ('60050','56050','99326','64');
INSERT INTO Submissions VALUES ('60055','57147','4911','21');
INSERT INTO Submissions VALUES ('60105','57147','11319','3');
INSERT INTO Submissions VALUES ('60183','57147','13910','8');
INSERT INTO Submissions VALUES ('60227','57147','19274','21');
INSERT INTO Submissions VALUES ('60307','57147','36420','9');
INSERT INTO Submissions VALUES ('60356','57147','36911','89');
INSERT INTO Submissions VALUES ('60417','57147','37472','81');
INSERT INTO Submissions VALUES ('60429','57147','51898','23');
INSERT INTO Submissions VALUES ('60498','57147','55235','10');
INSERT INTO Submissions VALUES ('60500','57147','60691','10');
INSERT INTO Submissions VALUES ('60754','57147','63530','36');
INSERT INTO Submissions VALUES ('60825','57147','68233','15');
INSERT INTO Submissions VALUES ('60835','57147','69886','4');
INSERT INTO Submissions VALUES ('60861','57147','93294','30');
INSERT INTO Submissions VALUES ('60910','57147','99326','29');
INSERT INTO Submissions VALUES ('61036','57650','36420','73');
INSERT INTO Submissions VALUES ('61042','57650','36911','103');
INSERT INTO Submissions VALUES ('61077','57650','44764','30');
INSERT INTO Submissions VALUES ('61198','57650','46441','11');
INSERT INTO Submissions VALUES ('61222','57650','51898','18');
INSERT INTO Submissions VALUES ('61261','57650','55235','55');
INSERT INTO Submissions VALUES ('61307','57650','63530','31');
INSERT INTO Submissions VALUES ('61352','57650','68233','44');
INSERT INTO Submissions VALUES ('61453','57694','19274','86');
INSERT INTO Submissions VALUES ('61469','57694','25419','57');
INSERT INTO Submissions VALUES ('61501','57694','36420','55');
INSERT INTO Submissions VALUES ('61538','57694','44764','8');
INSERT INTO Submissions VALUES ('61560','57694','46441','24');
INSERT INTO Submissions VALUES ('61607','57694','51898','5');
INSERT INTO Submissions VALUES ('61686','57694','55235','19');
INSERT INTO Submissions VALUES ('61817','57694','93294','46');
INSERT INTO Submissions VALUES ('61820','57947','4911','16');
INSERT INTO Submissions VALUES ('61924','57947','25419','33');
INSERT INTO Submissions VALUES ('62122','57947','36911','88');
INSERT INTO Submissions VALUES ('62357','57947','44764','30');
INSERT INTO Submissions VALUES ('62359','57947','55235','12');
INSERT INTO Submissions VALUES ('62405','57947','61757','61');
INSERT INTO Submissions VALUES ('62522','57947','68233','9');
INSERT INTO Submissions VALUES ('62532','57947','69855','40');
INSERT INTO Submissions VALUES ('62558','57947','93294','28');
INSERT INTO Submissions VALUES ('62564','57947','99326','17');
INSERT INTO Submissions VALUES ('62690','59326','11319','17');
INSERT INTO Submissions VALUES ('62751','59326','13910','25');
INSERT INTO Submissions VALUES ('62830','59326','37472','46');
INSERT INTO Submissions VALUES ('62861','59326','61757','11');
INSERT INTO Submissions VALUES ('62862','59326','63530','27');
INSERT INTO Submissions VALUES ('62971','59326','69855','31');
INSERT INTO Submissions VALUES ('62980','59326','69886','15');
INSERT INTO Submissions VALUES ('63150','59326','93294','29');
INSERT INTO Submissions VALUES ('63258','59326','99326','14');
INSERT INTO Submissions VALUES ('63297','59640','4911','13');
INSERT INTO Submissions VALUES ('63359','59640','25419','37');
INSERT INTO Submissions VALUES ('63381','59640','36420','53');
INSERT INTO Submissions VALUES ('63384','59640','55235','32');
INSERT INTO Submissions VALUES ('63442','59640','60691','11');
INSERT INTO Submissions VALUES ('63563','59640','61757','70');
INSERT INTO Submissions VALUES ('63602','59640','63530','57');
INSERT INTO Submissions VALUES ('63746','59853','11319','26');
INSERT INTO Submissions VALUES ('63757','59853','13910','57');
INSERT INTO Submissions VALUES ('63872','59853','19274','101');
INSERT INTO Submissions VALUES ('63963','59853','25419','68');
INSERT INTO Submissions VALUES ('63992','59853','36911','103');
INSERT INTO Submissions VALUES ('64044','59853','44764','24');
INSERT INTO Submissions VALUES ('64115','59853','46441','32');
INSERT INTO Submissions VALUES ('64171','59853','51898','19');
INSERT INTO Submissions VALUES ('64297','59853','55235','21');
INSERT INTO Submissions VALUES ('64338','59853','61757','69');
INSERT INTO Submissions VALUES ('64489','59853','63530','25');
INSERT INTO Submissions VALUES ('64516','59853','69855','8');
INSERT INTO Submissions VALUES ('64548','59853','69886','6');
INSERT INTO Submissions VALUES ('64556','59853','99326','71');
INSERT INTO Submissions VALUES ('64597','59907','11319','27');
INSERT INTO Submissions VALUES ('64635','59907','13910','3');
INSERT INTO Submissions VALUES ('64640','59907','19274','94');
INSERT INTO Submissions VALUES ('64756','59907','25419','68');
INSERT INTO Submissions VALUES ('64784','59907','37472','62');
INSERT INTO Submissions VALUES ('64889','59907','44764','12');
INSERT INTO Submissions VALUES ('65035','59907','51898','23');
INSERT INTO Submissions VALUES ('65121','59907','55235','4');
INSERT INTO Submissions VALUES ('65191','59907','61757','36');
INSERT INTO Submissions VALUES ('65224','59907','69855','13');
INSERT INTO Submissions VALUES ('65237','59907','69886','4');
INSERT INTO Submissions VALUES ('65251','60412','19274','10');
INSERT INTO Submissions VALUES ('65260','60412','36420','45');
INSERT INTO Submissions VALUES ('65272','60412','37472','34');
INSERT INTO Submissions VALUES ('65284','60412','46441','50');
INSERT INTO Submissions VALUES ('65292','60412','55235','28');
INSERT INTO Submissions VALUES ('65371','60412','68233','4');
INSERT INTO Submissions VALUES ('65431','60412','69886','4');
INSERT INTO Submissions VALUES ('65441','60412','93294','37');
INSERT INTO Submissions VALUES ('65449','60412','99326','35');
INSERT INTO Submissions VALUES ('65551','60738','25419','66');
INSERT INTO Submissions VALUES ('65563','60738','36420','38');
INSERT INTO Submissions VALUES ('65623','60738','37472','29');
INSERT INTO Submissions VALUES ('65693','60738','44764','28');
INSERT INTO Submissions VALUES ('65697','60738','51898','11');
INSERT INTO Submissions VALUES ('65799','60738','60691','36');
INSERT INTO Submissions VALUES ('65826','60738','61757','27');
INSERT INTO Submissions VALUES ('65880','60738','69855','33');
INSERT INTO Submissions VALUES ('65917','60738','99326','63');
INSERT INTO Submissions VALUES ('65966','61506','4911','23');
INSERT INTO Submissions VALUES ('65997','61506','19274','43');
INSERT INTO Submissions VALUES ('65998','61506','44764','28');
INSERT INTO Submissions VALUES ('66081','61506','51898','29');
INSERT INTO Submissions VALUES ('66150','61506','61757','27');
INSERT INTO Submissions VALUES ('66166','61506','69855','39');
INSERT INTO Submissions VALUES ('66310','61506','93294','38');
INSERT INTO Submissions VALUES ('66422','61647','13910','23');
INSERT INTO Submissions VALUES ('66448','61647','25419','69');
INSERT INTO Submissions VALUES ('66474','61647','36911','113');
INSERT INTO Submissions VALUES ('66523','61647','46441','53');
INSERT INTO Submissions VALUES ('66536','61647','61757','27');
INSERT INTO Submissions VALUES ('66566','61647','63530','43');
INSERT INTO Submissions VALUES ('66567','61647','68233','65');
INSERT INTO Submissions VALUES ('66588','61647','69855','13');
INSERT INTO Submissions VALUES ('66617','61647','69886','18');
INSERT INTO Submissions VALUES ('66618','61647','93294','32');
INSERT INTO Submissions VALUES ('66682','61647','99326','57');
INSERT INTO Submissions VALUES ('66781','61703','11319','18');
INSERT INTO Submissions VALUES ('66821','61703','19274','8');
INSERT INTO Submissions VALUES ('66856','61703','25419','54');
INSERT INTO Submissions VALUES ('66873','61703','36420','24');
INSERT INTO Submissions VALUES ('66937','61703','44764','14');
INSERT INTO Submissions VALUES ('67004','61703','46441','51');
INSERT INTO Submissions VALUES ('67042','61703','55235','41');
INSERT INTO Submissions VALUES ('67094','61703','60691','2');
INSERT INTO Submissions VALUES ('67127','61703','61757','6');
INSERT INTO Submissions VALUES ('67169','61703','63530','19');
INSERT INTO Submissions VALUES ('67306','61703','69855','8');
INSERT INTO Submissions VALUES ('67316','61885','36420','2');
INSERT INTO Submissions VALUES ('67450','61885','37472','53');
INSERT INTO Submissions VALUES ('67574','61885','46441','40');
INSERT INTO Submissions VALUES ('67602','61885','51898','18');
INSERT INTO Submissions VALUES ('67667','61885','55235','16');
INSERT INTO Submissions VALUES ('67701','61885','60691','34');
INSERT INTO Submissions VALUES ('67711','61885','61757','80');
INSERT INTO Submissions VALUES ('67728','61885','93294','4');
INSERT INTO Submissions VALUES ('67782','62626','13910','73');
INSERT INTO Submissions VALUES ('67801','62626','19274','106');
INSERT INTO Submissions VALUES ('67858','62626','25419','65');
INSERT INTO Submissions VALUES ('67931','62626','36420','30');
INSERT INTO Submissions VALUES ('68071','62626','37472','88');
INSERT INTO Submissions VALUES ('68095','62626','46441','58');
INSERT INTO Submissions VALUES ('68161','62626','51898','12');
INSERT INTO Submissions VALUES ('68213','62626','63530','24');
INSERT INTO Submissions VALUES ('68278','62669','4911','15');
INSERT INTO Submissions VALUES ('68281','62669','13910','104');
INSERT INTO Submissions VALUES ('68304','62669','19274','42');
INSERT INTO Submissions VALUES ('68332','62669','25419','51');
INSERT INTO Submissions VALUES ('68417','62669','44764','23');
INSERT INTO Submissions VALUES ('68444','62669','46441','17');
INSERT INTO Submissions VALUES ('68495','62669','68233','28');
INSERT INTO Submissions VALUES ('68500','62669','69855','22');
INSERT INTO Submissions VALUES ('68547','62669','93294','36');
INSERT INTO Submissions VALUES ('68615','62764','13910','24');
INSERT INTO Submissions VALUES ('68657','62764','19274','45');
INSERT INTO Submissions VALUES ('68695','62764','25419','71');
INSERT INTO Submissions VALUES ('68717','62764','36911','109');
INSERT INTO Submissions VALUES ('68781','62764','37472','115');
INSERT INTO Submissions VALUES ('68790','62764','51898','3');
INSERT INTO Submissions VALUES ('68796','62764','61757','17');
INSERT INTO Submissions VALUES ('68838','62764','69855','26');
INSERT INTO Submissions VALUES ('68874','62764','99326','53');
INSERT INTO Submissions VALUES ('68970','64383','4911','8');
INSERT INTO Submissions VALUES ('68998','64383','25419','41');
INSERT INTO Submissions VALUES ('69002','64383','36420','5');
INSERT INTO Submissions VALUES ('69012','64383','36911','100');
INSERT INTO Submissions VALUES ('69035','64383','46441','22');
INSERT INTO Submissions VALUES ('69069','64383','55235','27');
INSERT INTO Submissions VALUES ('69091','64383','60691','29');
INSERT INTO Submissions VALUES ('69119','64383','61757','11');
INSERT INTO Submissions VALUES ('69165','64383','68233','58');
INSERT INTO Submissions VALUES ('69225','64383','69886','3');
INSERT INTO Submissions VALUES ('69242','64383','93294','35');
INSERT INTO Submissions VALUES ('69411','64383','99326','23');
INSERT INTO Submissions VALUES ('69479','64617','4911','23');
INSERT INTO Submissions VALUES ('69536','64617','11319','7');
INSERT INTO Submissions VALUES ('69591','64617','13910','81');
INSERT INTO Submissions VALUES ('69647','64617','36911','9');
INSERT INTO Submissions VALUES ('69909','64617','37472','95');
INSERT INTO Submissions VALUES ('69948','64617','51898','16');
INSERT INTO Submissions VALUES ('69975','64617','55235','58');
INSERT INTO Submissions VALUES ('69998','65817','4911','28');
INSERT INTO Submissions VALUES ('70076','65817','11319','8');
INSERT INTO Submissions VALUES ('70112','65817','36911','91');
INSERT INTO Submissions VALUES ('70123','65817','51898','13');
INSERT INTO Submissions VALUES ('70157','65817','55235','28');
INSERT INTO Submissions VALUES ('70169','65817','61757','21');
INSERT INTO Submissions VALUES ('70188','65817','63530','51');
INSERT INTO Submissions VALUES ('70243','65817','69855','1');
INSERT INTO Submissions VALUES ('70289','65817','69886','16');
INSERT INTO Submissions VALUES ('70368','65817','93294','45');
INSERT INTO Submissions VALUES ('70395','65817','99326','72');
INSERT INTO Submissions VALUES ('70396','65900','4911','17');
INSERT INTO Submissions VALUES ('70424','65900','19274','97');
INSERT INTO Submissions VALUES ('70448','65900','36420','37');
INSERT INTO Submissions VALUES ('70573','65900','37472','79');
INSERT INTO Submissions VALUES ('70583','65900','46441','49');
INSERT INTO Submissions VALUES ('70607','65900','63530','57');
INSERT INTO Submissions VALUES ('70608','65900','68233','22');
INSERT INTO Submissions VALUES ('70638','65900','69855','30');
INSERT INTO Submissions VALUES ('70667','65900','69886','14');
INSERT INTO Submissions VALUES ('70675','65900','99326','26');
INSERT INTO Submissions VALUES ('70765','65903','4911','3');
INSERT INTO Submissions VALUES ('70782','65903','13910','98');
INSERT INTO Submissions VALUES ('70783','65903','25419','29');
INSERT INTO Submissions VALUES ('70859','65903','36420','65');
INSERT INTO Submissions VALUES ('70888','65903','36911','34');
INSERT INTO Submissions VALUES ('70974','65903','46441','41');
INSERT INTO Submissions VALUES ('70979','65903','51898','8');
INSERT INTO Submissions VALUES ('71046','65903','60691','13');
INSERT INTO Submissions VALUES ('71087','65903','63530','39');
INSERT INTO Submissions VALUES ('71092','65903','68233','18');
INSERT INTO Submissions VALUES ('71182','65903','69855','25');
INSERT INTO Submissions VALUES ('71202','66031','4911','12');
INSERT INTO Submissions VALUES ('71215','66031','13910','71');
INSERT INTO Submissions VALUES ('71229','66031','19274','65');
INSERT INTO Submissions VALUES ('71251','66031','36420','12');
INSERT INTO Submissions VALUES ('71391','66031','37472','28');
INSERT INTO Submissions VALUES ('71446','66031','60691','16');
INSERT INTO Submissions VALUES ('71535','66031','61757','2');
INSERT INTO Submissions VALUES ('71550','66031','93294','54');
INSERT INTO Submissions VALUES ('71579','66414','11319','10');
INSERT INTO Submissions VALUES ('71621','66414','36420','14');
INSERT INTO Submissions VALUES ('71688','66414','44764','17');
INSERT INTO Submissions VALUES ('71829','66414','46441','57');
INSERT INTO Submissions VALUES ('71858','66414','55235','14');
INSERT INTO Submissions VALUES ('71912','66414','60691','2');
INSERT INTO Submissions VALUES ('71938','66414','61757','47');
INSERT INTO Submissions VALUES ('71945','66414','69886','9');
INSERT INTO Submissions VALUES ('71982','66414','93294','3');
INSERT INTO Submissions VALUES ('72000','67640','4911','22');
INSERT INTO Submissions VALUES ('72089','67640','19274','72');
INSERT INTO Submissions VALUES ('72172','67640','25419','39');
INSERT INTO Submissions VALUES ('72184','67640','36420','56');
INSERT INTO Submissions VALUES ('72341','67640','36911','37');
INSERT INTO Submissions VALUES ('72397','67640','55235','21');
INSERT INTO Submissions VALUES ('72455','67640','60691','16');
INSERT INTO Submissions VALUES ('72509','67640','61757','39');
INSERT INTO Submissions VALUES ('72719','67640','93294','57');
INSERT INTO Submissions VALUES ('72747','68141','4911','29');
INSERT INTO Submissions VALUES ('72785','68141','11319','10');
INSERT INTO Submissions VALUES ('72830','68141','19274','53');
INSERT INTO Submissions VALUES ('72896','68141','25419','70');
INSERT INTO Submissions VALUES ('72900','68141','36420','15');
INSERT INTO Submissions VALUES ('72902','68141','36911','34');
INSERT INTO Submissions VALUES ('72927','68141','37472','11');
INSERT INTO Submissions VALUES ('72955','68141','44764','19');
INSERT INTO Submissions VALUES ('72976','68141','46441','40');
INSERT INTO Submissions VALUES ('72978','68141','55235','19');
INSERT INTO Submissions VALUES ('72997','68141','60691','31');
INSERT INTO Submissions VALUES ('73080','68141','63530','27');
INSERT INTO Submissions VALUES ('73334','68141','68233','4');
INSERT INTO Submissions VALUES ('73351','68141','69855','34');
INSERT INTO Submissions VALUES ('73403','68141','69886','5');
INSERT INTO Submissions VALUES ('73458','68141','93294','49');
INSERT INTO Submissions VALUES ('73577','68141','99326','72');
INSERT INTO Submissions VALUES ('73587','68645','19274','4');
INSERT INTO Submissions VALUES ('73664','68645','25419','70');
INSERT INTO Submissions VALUES ('73722','68645','36420','42');
INSERT INTO Submissions VALUES ('73803','68645','46441','37');
INSERT INTO Submissions VALUES ('73829','68645','60691','38');
INSERT INTO Submissions VALUES ('73832','68645','61757','67');
INSERT INTO Submissions VALUES ('73861','68645','68233','40');
INSERT INTO Submissions VALUES ('73887','68645','69886','9');
INSERT INTO Submissions VALUES ('73924','68709','4911','18');
INSERT INTO Submissions VALUES ('74010','68709','11319','28');
INSERT INTO Submissions VALUES ('74017','68709','19274','83');
INSERT INTO Submissions VALUES ('74106','68709','44764','9');
INSERT INTO Submissions VALUES ('74109','68709','46441','36');
INSERT INTO Submissions VALUES ('74113','68709','51898','29');
INSERT INTO Submissions VALUES ('74114','68709','60691','37');
INSERT INTO Submissions VALUES ('74129','68709','61757','15');
INSERT INTO Submissions VALUES ('74148','68709','68233','64');
INSERT INTO Submissions VALUES ('74234','68709','93294','17');
INSERT INTO Submissions VALUES ('74246','68709','99326','15');
INSERT INTO Submissions VALUES ('74360','68908','13910','97');
INSERT INTO Submissions VALUES ('74467','68908','25419','17');
INSERT INTO Submissions VALUES ('74567','68908','36911','38');
INSERT INTO Submissions VALUES ('74575','68908','44764','16');
INSERT INTO Submissions VALUES ('74645','68908','51898','26');
INSERT INTO Submissions VALUES ('74659','68908','61757','60');
INSERT INTO Submissions VALUES ('74660','68908','99326','54');
INSERT INTO Submissions VALUES ('74667','69871','11319','13');
INSERT INTO Submissions VALUES ('74771','69871','19274','81');
INSERT INTO Submissions VALUES ('74906','69871','25419','69');
INSERT INTO Submissions VALUES ('74953','69871','36420','60');
INSERT INTO Submissions VALUES ('75060','69871','36911','65');
INSERT INTO Submissions VALUES ('75082','69871','37472','107');
INSERT INTO Submissions VALUES ('75138','69871','44764','29');
INSERT INTO Submissions VALUES ('75177','69871','46441','40');
INSERT INTO Submissions VALUES ('75272','69871','63530','12');
INSERT INTO Submissions VALUES ('75308','69871','68233','42');
INSERT INTO Submissions VALUES ('75318','69871','69855','26');
INSERT INTO Submissions VALUES ('75346','69871','69886','2');
INSERT INTO Submissions VALUES ('75386','69871','99326','10');
INSERT INTO Submissions VALUES ('75388','70325','4911','30');
INSERT INTO Submissions VALUES ('75434','70325','11319','6');
INSERT INTO Submissions VALUES ('75471','70325','13910','74');
INSERT INTO Submissions VALUES ('75483','70325','55235','36');
INSERT INTO Submissions VALUES ('75753','70325','60691','21');
INSERT INTO Submissions VALUES ('75755','70325','63530','24');
INSERT INTO Submissions VALUES ('75760','70325','69886','6');
INSERT INTO Submissions VALUES ('75842','71121','4911','4');
INSERT INTO Submissions VALUES ('75942','71121','19274','74');
INSERT INTO Submissions VALUES ('75968','71121','36420','8');
INSERT INTO Submissions VALUES ('75983','71121','46441','40');
INSERT INTO Submissions VALUES ('76057','71121','51898','16');
INSERT INTO Submissions VALUES ('76149','71121','55235','36');
INSERT INTO Submissions VALUES ('76231','71121','60691','37');
INSERT INTO Submissions VALUES ('76278','71121','61757','55');
INSERT INTO Submissions VALUES ('76342','71121','68233','47');
INSERT INTO Submissions VALUES ('76356','71121','69886','9');
INSERT INTO Submissions VALUES ('76410','71121','93294','34');
INSERT INTO Submissions VALUES ('76512','71121','99326','78');
INSERT INTO Submissions VALUES ('76588','71525','4911','9');
INSERT INTO Submissions VALUES ('76604','71525','11319','20');
INSERT INTO Submissions VALUES ('76621','71525','13910','30');
INSERT INTO Submissions VALUES ('76695','71525','19274','108');
INSERT INTO Submissions VALUES ('76719','71525','36420','73');
INSERT INTO Submissions VALUES ('76795','71525','51898','14');
INSERT INTO Submissions VALUES ('76849','71525','93294','46');
INSERT INTO Submissions VALUES ('76853','72757','4911','6');
INSERT INTO Submissions VALUES ('76895','72757','11319','18');
INSERT INTO Submissions VALUES ('76960','72757','19274','107');
INSERT INTO Submissions VALUES ('77039','72757','37472','90');
INSERT INTO Submissions VALUES ('77054','72757','44764','14');
INSERT INTO Submissions VALUES ('77066','72757','46441','27');
INSERT INTO Submissions VALUES ('77076','72757','51898','17');
INSERT INTO Submissions VALUES ('77103','72757','61757','50');
INSERT INTO Submissions VALUES ('77202','72757','63530','12');
INSERT INTO Submissions VALUES ('77218','72757','68233','17');
INSERT INTO Submissions VALUES ('77253','72757','69855','35');
INSERT INTO Submissions VALUES ('77271','72757','99326','38');
INSERT INTO Submissions VALUES ('77311','72944','11319','17');
INSERT INTO Submissions VALUES ('77346','72944','13910','24');
INSERT INTO Submissions VALUES ('77459','72944','19274','71');
INSERT INTO Submissions VALUES ('77525','72944','37472','46');
INSERT INTO Submissions VALUES ('77548','72944','44764','6');
INSERT INTO Submissions VALUES ('77627','72944','63530','55');
INSERT INTO Submissions VALUES ('77734','72944','68233','65');
INSERT INTO Submissions VALUES ('77735','73095','4911','36');
INSERT INTO Submissions VALUES ('77786','73095','11319','14');
INSERT INTO Submissions VALUES ('77806','73095','19274','1');
INSERT INTO Submissions VALUES ('77819','73095','36420','35');
INSERT INTO Submissions VALUES ('77821','73095','55235','45');
INSERT INTO Submissions VALUES ('77837','73095','60691','11');
INSERT INTO Submissions VALUES ('77857','73095','69855','14');
INSERT INTO Submissions VALUES ('77916','73095','93294','23');
INSERT INTO Submissions VALUES ('77976','73095','99326','40');
INSERT INTO Submissions VALUES ('77992','73193','4911','35');
INSERT INTO Submissions VALUES ('78017','73193','19274','52');
INSERT INTO Submissions VALUES ('78042','73193','36911','47');
INSERT INTO Submissions VALUES ('78063','73193','46441','39');
INSERT INTO Submissions VALUES ('78081','73193','61757','2');
INSERT INTO Submissions VALUES ('78163','73193','68233','4');
INSERT INTO Submissions VALUES ('78182','73193','69855','2');
INSERT INTO Submissions VALUES ('78255','73193','69886','2');
INSERT INTO Submissions VALUES ('78282','73355','4911','33');
INSERT INTO Submissions VALUES ('78294','73355','11319','10');
INSERT INTO Submissions VALUES ('78355','73355','25419','51');
INSERT INTO Submissions VALUES ('78443','73355','36420','38');
INSERT INTO Submissions VALUES ('78448','73355','44764','28');
INSERT INTO Submissions VALUES ('78488','73355','46441','34');
INSERT INTO Submissions VALUES ('78514','73355','55235','11');
INSERT INTO Submissions VALUES ('78529','73355','60691','5');
INSERT INTO Submissions VALUES ('78532','73355','61757','8');
INSERT INTO Submissions VALUES ('78538','73355','63530','28');
INSERT INTO Submissions VALUES ('78583','73355','68233','59');
INSERT INTO Submissions VALUES ('78585','73355','69886','5');
INSERT INTO Submissions VALUES ('78600','73418','11319','9');
INSERT INTO Submissions VALUES ('78616','73418','25419','64');
INSERT INTO Submissions VALUES ('78628','73418','36911','94');
INSERT INTO Submissions VALUES ('78664','73418','44764','19');
INSERT INTO Submissions VALUES ('78765','73418','55235','32');
INSERT INTO Submissions VALUES ('78800','73418','61757','64');
INSERT INTO Submissions VALUES ('78814','73418','63530','54');
INSERT INTO Submissions VALUES ('78817','73418','68233','37');
INSERT INTO Submissions VALUES ('78890','73418','69855','2');
INSERT INTO Submissions VALUES ('78905','73418','69886','3');
INSERT INTO Submissions VALUES ('78959','73418','93294','41');
INSERT INTO Submissions VALUES ('78980','73418','99326','62');
INSERT INTO Submissions VALUES ('78997','73961','4911','40');
INSERT INTO Submissions VALUES ('79047','73961','13910','63');
INSERT INTO Submissions VALUES ('79049','73961','25419','75');
INSERT INTO Submissions VALUES ('79073','73961','60691','8');
INSERT INTO Submissions VALUES ('79085','73961','61757','64');
INSERT INTO Submissions VALUES ('79124','74101','19274','27');
INSERT INTO Submissions VALUES ('79126','74101','36420','74');
INSERT INTO Submissions VALUES ('79264','74101','51898','6');
INSERT INTO Submissions VALUES ('79275','74160','4911','31');
INSERT INTO Submissions VALUES ('79289','74160','11319','9');
INSERT INTO Submissions VALUES ('79394','74160','13910','34');
INSERT INTO Submissions VALUES ('79426','74160','36420','37');
INSERT INTO Submissions VALUES ('79439','74160','37472','76');
INSERT INTO Submissions VALUES ('79537','74160','44764','5');
INSERT INTO Submissions VALUES ('79604','74160','51898','13');
INSERT INTO Submissions VALUES ('79684','74160','63530','36');
INSERT INTO Submissions VALUES ('79690','74160','69855','39');
INSERT INTO Submissions VALUES ('79714','74160','69886','8');
INSERT INTO Submissions VALUES ('79758','74160','93294','51');
INSERT INTO Submissions VALUES ('79778','74160','99326','43');
INSERT INTO Submissions VALUES ('79864','74413','4911','4');
INSERT INTO Submissions VALUES ('79869','74413','11319','7');
INSERT INTO Submissions VALUES ('79917','74413','19274','61');
INSERT INTO Submissions VALUES ('79936','74413','25419','60');
INSERT INTO Submissions VALUES ('79974','74413','36420','50');
INSERT INTO Submissions VALUES ('79996','74413','36911','83');
INSERT INTO Submissions VALUES ('80093','74413','46441','36');
INSERT INTO Submissions VALUES ('80115','74413','61757','11');
INSERT INTO Submissions VALUES ('80149','74413','63530','58');
INSERT INTO Submissions VALUES ('80169','74413','68233','74');
INSERT INTO Submissions VALUES ('80215','74413','69855','40');
INSERT INTO Submissions VALUES ('80286','74413','69886','20');
INSERT INTO Submissions VALUES ('80348','74413','99326','37');
INSERT INTO Submissions VALUES ('80379','74553','4911','6');
INSERT INTO Submissions VALUES ('80399','74553','13910','93');
INSERT INTO Submissions VALUES ('80408','74553','25419','4');
INSERT INTO Submissions VALUES ('80409','74553','36420','9');
INSERT INTO Submissions VALUES ('80565','74553','36911','74');
INSERT INTO Submissions VALUES ('80642','74553','37472','76');
INSERT INTO Submissions VALUES ('80684','74553','46441','32');
INSERT INTO Submissions VALUES ('80696','74553','68233','60');
INSERT INTO Submissions VALUES ('80797','74553','93294','55');
INSERT INTO Submissions VALUES ('80800','74558','4911','35');
INSERT INTO Submissions VALUES ('80841','74558','11319','25');
INSERT INTO Submissions VALUES ('80927','74558','19274','23');
INSERT INTO Submissions VALUES ('80987','74558','25419','22');
INSERT INTO Submissions VALUES ('81003','74558','46441','18');
INSERT INTO Submissions VALUES ('81026','74558','60691','10');
INSERT INTO Submissions VALUES ('81075','74558','61757','20');
INSERT INTO Submissions VALUES ('81198','74558','63530','3');
INSERT INTO Submissions VALUES ('81395','74558','68233','29');
INSERT INTO Submissions VALUES ('81455','74558','69855','38');
INSERT INTO Submissions VALUES ('81490','74558','69886','13');
INSERT INTO Submissions VALUES ('81494','74558','93294','5');
INSERT INTO Submissions VALUES ('81535','74932','13910','19');
INSERT INTO Submissions VALUES ('81625','74932','25419','61');
INSERT INTO Submissions VALUES ('81661','74932','36420','47');
INSERT INTO Submissions VALUES ('81683','74932','36911','60');
INSERT INTO Submissions VALUES ('81714','74932','37472','11');
INSERT INTO Submissions VALUES ('81716','74932','44764','27');
INSERT INTO Submissions VALUES ('81848','74932','46441','14');
INSERT INTO Submissions VALUES ('81876','74932','55235','58');
INSERT INTO Submissions VALUES ('81908','74932','61757','44');
INSERT INTO Submissions VALUES ('82005','74932','68233','45');
INSERT INTO Submissions VALUES ('82072','74932','69855','37');
INSERT INTO Submissions VALUES ('82171','74932','93294','43');
INSERT INTO Submissions VALUES ('82291','74932','99326','67');
INSERT INTO Submissions VALUES ('82293','75773','4911','20');
INSERT INTO Submissions VALUES ('82337','75773','13910','106');
INSERT INTO Submissions VALUES ('82342','75773','25419','22');
INSERT INTO Submissions VALUES ('82408','75773','36420','52');
INSERT INTO Submissions VALUES ('82467','75773','36911','21');
INSERT INTO Submissions VALUES ('82567','75773','37472','73');
INSERT INTO Submissions VALUES ('82635','75773','44764','4');
INSERT INTO Submissions VALUES ('82729','75773','51898','29');
INSERT INTO Submissions VALUES ('82733','75773','60691','7');
INSERT INTO Submissions VALUES ('82897','75773','61757','60');
INSERT INTO Submissions VALUES ('82971','75773','99326','49');
INSERT INTO Submissions VALUES ('83013','75984','11319','27');
INSERT INTO Submissions VALUES ('83060','75984','13910','86');
INSERT INTO Submissions VALUES ('83086','75984','19274','14');
INSERT INTO Submissions VALUES ('83097','75984','25419','47');
INSERT INTO Submissions VALUES ('83404','75984','36911','45');
INSERT INTO Submissions VALUES ('83411','75984','37472','26');
INSERT INTO Submissions VALUES ('83488','75984','44764','4');
INSERT INTO Submissions VALUES ('83500','75984','46441','60');
INSERT INTO Submissions VALUES ('83535','75984','60691','2');
INSERT INTO Submissions VALUES ('83568','75984','99326','28');
INSERT INTO Submissions VALUES ('83569','77119','19274','23');
INSERT INTO Submissions VALUES ('83593','77119','25419','57');
INSERT INTO Submissions VALUES ('83657','77119','46441','11');
INSERT INTO Submissions VALUES ('83678','77119','55235','25');
INSERT INTO Submissions VALUES ('83712','77119','61757','18');
INSERT INTO Submissions VALUES ('83713','77119','63530','31');
INSERT INTO Submissions VALUES ('83854','77119','69855','15');
INSERT INTO Submissions VALUES ('84006','77119','93294','51');
INSERT INTO Submissions VALUES ('84017','77211','11319','5');
INSERT INTO Submissions VALUES ('84051','77211','25419','75');
INSERT INTO Submissions VALUES ('84139','77211','44764','3');
INSERT INTO Submissions VALUES ('84224','77211','46441','28');
INSERT INTO Submissions VALUES ('84306','77211','55235','59');
INSERT INTO Submissions VALUES ('84426','77211','60691','6');
INSERT INTO Submissions VALUES ('84465','77211','61757','21');
INSERT INTO Submissions VALUES ('84531','77211','93294','57');
INSERT INTO Submissions VALUES ('84549','77211','99326','73');
INSERT INTO Submissions VALUES ('84608','79555','11319','5');
INSERT INTO Submissions VALUES ('84631','79555','13910','103');
INSERT INTO Submissions VALUES ('84666','79555','19274','89');
INSERT INTO Submissions VALUES ('84670','79555','36420','52');
INSERT INTO Submissions VALUES ('84693','79555','36911','74');
INSERT INTO Submissions VALUES ('84796','79555','60691','3');
INSERT INTO Submissions VALUES ('84808','79555','61757','44');
INSERT INTO Submissions VALUES ('84812','79555','63530','2');
INSERT INTO Submissions VALUES ('84881','79803','4911','17');
INSERT INTO Submissions VALUES ('84935','79803','11319','9');
INSERT INTO Submissions VALUES ('84939','79803','19274','11');
INSERT INTO Submissions VALUES ('84991','79803','25419','19');
INSERT INTO Submissions VALUES ('84999','79803','36911','99');
INSERT INTO Submissions VALUES ('85076','79803','44764','14');
INSERT INTO Submissions VALUES ('85081','79803','55235','45');
INSERT INTO Submissions VALUES ('85140','79803','60691','9');
INSERT INTO Submissions VALUES ('85162','79803','61757','59');
INSERT INTO Submissions VALUES ('85227','79803','63530','9');
INSERT INTO Submissions VALUES ('85326','79803','69855','4');
INSERT INTO Submissions VALUES ('85363','79803','69886','19');
INSERT INTO Submissions VALUES ('85364','79803','93294','19');
INSERT INTO Submissions VALUES ('85422','79803','99326','29');
INSERT INTO Submissions VALUES ('85438','80659','4911','4');
INSERT INTO Submissions VALUES ('85504','80659','19274','68');
INSERT INTO Submissions VALUES ('85520','80659','36911','35');
INSERT INTO Submissions VALUES ('85564','80659','37472','13');
INSERT INTO Submissions VALUES ('85630','80659','44764','7');
INSERT INTO Submissions VALUES ('85718','80659','46441','51');
INSERT INTO Submissions VALUES ('85742','80659','51898','22');
INSERT INTO Submissions VALUES ('85748','80659','60691','34');
INSERT INTO Submissions VALUES ('85750','80659','61757','79');
INSERT INTO Submissions VALUES ('85759','80659','63530','9');
INSERT INTO Submissions VALUES ('85772','80659','68233','1');
INSERT INTO Submissions VALUES ('85872','80659','93294','7');
INSERT INTO Submissions VALUES ('85970','80659','99326','79');
INSERT INTO Submissions VALUES ('86053','81751','11319','27');
INSERT INTO Submissions VALUES ('86170','81751','13910','119');
INSERT INTO Submissions VALUES ('86241','81751','25419','48');
INSERT INTO Submissions VALUES ('86280','81751','36420','70');
INSERT INTO Submissions VALUES ('86309','81751','36911','116');
INSERT INTO Submissions VALUES ('86312','81751','37472','105');
INSERT INTO Submissions VALUES ('86322','81751','44764','30');
INSERT INTO Submissions VALUES ('86378','81751','51898','10');
INSERT INTO Submissions VALUES ('86493','81751','55235','6');
INSERT INTO Submissions VALUES ('86557','81751','63530','50');
INSERT INTO Submissions VALUES ('86616','81751','69855','7');
INSERT INTO Submissions VALUES ('86619','81751','93294','54');
INSERT INTO Submissions VALUES ('86648','81751','99326','29');
INSERT INTO Submissions VALUES ('86681','81936','11319','3');
INSERT INTO Submissions VALUES ('86818','81936','13910','54');
INSERT INTO Submissions VALUES ('86835','81936','25419','50');
INSERT INTO Submissions VALUES ('86879','81936','36420','20');
INSERT INTO Submissions VALUES ('86896','81936','36911','13');
INSERT INTO Submissions VALUES ('86899','81936','44764','13');
INSERT INTO Submissions VALUES ('86911','81936','51898','27');
INSERT INTO Submissions VALUES ('86951','81936','55235','32');
INSERT INTO Submissions VALUES ('87034','81936','60691','23');
INSERT INTO Submissions VALUES ('87072','81936','68233','40');
INSERT INTO Submissions VALUES ('87092','81936','69855','31');
INSERT INTO Submissions VALUES ('87106','81936','69886','16');
INSERT INTO Submissions VALUES ('87211','81936','93294','55');
INSERT INTO Submissions VALUES ('87244','82542','19274','38');
INSERT INTO Submissions VALUES ('87246','82542','46441','44');
INSERT INTO Submissions VALUES ('87319','82542','69855','14');
INSERT INTO Submissions VALUES ('87376','82542','99326','29');
INSERT INTO Submissions VALUES ('87429','82704','11319','27');
INSERT INTO Submissions VALUES ('87542','82704','36911','96');
INSERT INTO Submissions VALUES ('87587','82704','44764','27');
INSERT INTO Submissions VALUES ('87608','82704','55235','20');
INSERT INTO Submissions VALUES ('87654','82704','69855','38');
INSERT INTO Submissions VALUES ('87714','83194','11319','5');
INSERT INTO Submissions VALUES ('87776','83194','13910','56');
INSERT INTO Submissions VALUES ('87837','83194','19274','98');
INSERT INTO Submissions VALUES ('87844','83194','25419','57');
INSERT INTO Submissions VALUES ('87864','83194','37472','34');
INSERT INTO Submissions VALUES ('87974','83194','44764','28');
INSERT INTO Submissions VALUES ('87999','83194','46441','58');
INSERT INTO Submissions VALUES ('88056','83194','61757','42');
INSERT INTO Submissions VALUES ('88084','83194','63530','51');
INSERT INTO Submissions VALUES ('88107','83194','68233','47');
INSERT INTO Submissions VALUES ('88128','83194','69855','34');
INSERT INTO Submissions VALUES ('88180','83194','69886','9');
INSERT INTO Submissions VALUES ('88399','83194','93294','44');
INSERT INTO Submissions VALUES ('88418','83194','99326','51');
INSERT INTO Submissions VALUES ('88589','84304','19274','40');
INSERT INTO Submissions VALUES ('88598','84304','25419','52');
INSERT INTO Submissions VALUES ('88625','84304','36420','59');
INSERT INTO Submissions VALUES ('88658','84304','36911','24');
INSERT INTO Submissions VALUES ('88675','84304','37472','12');
INSERT INTO Submissions VALUES ('88687','84304','46441','57');
INSERT INTO Submissions VALUES ('88737','84304','55235','7');
INSERT INTO Submissions VALUES ('88754','84304','61757','74');
INSERT INTO Submissions VALUES ('88770','84304','69855','5');
INSERT INTO Submissions VALUES ('88779','84304','93294','45');
INSERT INTO Submissions VALUES ('88793','84304','99326','40');
INSERT INTO Submissions VALUES ('88843','84653','4911','13');
INSERT INTO Submissions VALUES ('88870','84653','68233','9');
INSERT INTO Submissions VALUES ('88883','84653','69886','1');
INSERT INTO Submissions VALUES ('88889','84653','93294','58');
INSERT INTO Submissions VALUES ('88955','85039','19274','73');
INSERT INTO Submissions VALUES ('88977','85039','37472','112');
INSERT INTO Submissions VALUES ('89007','85039','44764','14');
INSERT INTO Submissions VALUES ('89067','85039','46441','47');
INSERT INTO Submissions VALUES ('89074','85039','51898','20');
INSERT INTO Submissions VALUES ('89158','85039','60691','36');
INSERT INTO Submissions VALUES ('89181','85039','68233','74');
INSERT INTO Submissions VALUES ('89251','85039','69855','20');
INSERT INTO Submissions VALUES ('89260','85039','93294','51');
INSERT INTO Submissions VALUES ('89263','85242','4911','7');
INSERT INTO Submissions VALUES ('89268','85242','11319','15');
INSERT INTO Submissions VALUES ('89302','85242','19274','106');
INSERT INTO Submissions VALUES ('89328','85242','44764','7');
INSERT INTO Submissions VALUES ('89364','85242','55235','53');
INSERT INTO Submissions VALUES ('89376','85242','60691','28');
INSERT INTO Submissions VALUES ('89414','85242','61757','66');
INSERT INTO Submissions VALUES ('89452','85242','68233','13');
INSERT INTO Submissions VALUES ('89465','85242','69855','4');
INSERT INTO Submissions VALUES ('89471','85242','69886','3');
INSERT INTO Submissions VALUES ('89476','85242','93294','11');
INSERT INTO Submissions VALUES ('89480','87768','4911','7');
INSERT INTO Submissions VALUES ('89568','87768','13910','113');
INSERT INTO Submissions VALUES ('89582','87768','19274','119');
INSERT INTO Submissions VALUES ('89762','87768','36420','14');
INSERT INTO Submissions VALUES ('89831','87768','60691','40');
INSERT INTO Submissions VALUES ('89851','87768','63530','4');
INSERT INTO Submissions VALUES ('89890','87768','69886','9');
INSERT INTO Submissions VALUES ('89898','87768','99326','78');
INSERT INTO Submissions VALUES ('89978','89033','4911','12');
INSERT INTO Submissions VALUES ('90060','89033','11319','1');
INSERT INTO Submissions VALUES ('90071','89033','13910','9');
INSERT INTO Submissions VALUES ('90176','89033','19274','39');
INSERT INTO Submissions VALUES ('90272','89033','25419','19');
INSERT INTO Submissions VALUES ('90298','89033','36911','84');
INSERT INTO Submissions VALUES ('90317','89033','44764','11');
INSERT INTO Submissions VALUES ('90526','89033','51898','18');
INSERT INTO Submissions VALUES ('90556','89033','55235','40');
INSERT INTO Submissions VALUES ('90574','89033','60691','32');
INSERT INTO Submissions VALUES ('90647','89033','63530','1');
INSERT INTO Submissions VALUES ('90667','89033','68233','28');
INSERT INTO Submissions VALUES ('90669','89033','69855','13');
INSERT INTO Submissions VALUES ('90684','89033','93294','56');
INSERT INTO Submissions VALUES ('91046','89033','99326','66');
INSERT INTO Submissions VALUES ('91050','89507','13910','106');
INSERT INTO Submissions VALUES ('91113','89507','19274','84');
INSERT INTO Submissions VALUES ('91143','89507','25419','13');
INSERT INTO Submissions VALUES ('91178','89507','44764','2');
INSERT INTO Submissions VALUES ('91222','89507','60691','39');
INSERT INTO Submissions VALUES ('91307','89507','63530','1');
INSERT INTO Submissions VALUES ('91388','89507','68233','14');
INSERT INTO Submissions VALUES ('91400','89507','69886','11');
INSERT INTO Submissions VALUES ('91439','90106','11319','1');
INSERT INTO Submissions VALUES ('91501','90106','36911','63');
INSERT INTO Submissions VALUES ('91528','90106','37472','32');
INSERT INTO Submissions VALUES ('91531','90106','46441','44');
INSERT INTO Submissions VALUES ('91578','90106','51898','14');
INSERT INTO Submissions VALUES ('91584','90106','60691','10');
INSERT INTO Submissions VALUES ('91642','90106','63530','24');
INSERT INTO Submissions VALUES ('91651','90106','68233','3');
INSERT INTO Submissions VALUES ('91679','90106','69855','3');
INSERT INTO Submissions VALUES ('91754','90106','93294','60');
INSERT INTO Submissions VALUES ('91859','90106','99326','70');
INSERT INTO Submissions VALUES ('91862','90500','4911','35');
INSERT INTO Submissions VALUES ('91882','90500','11319','16');
INSERT INTO Submissions VALUES ('92065','90500','13910','76');
INSERT INTO Submissions VALUES ('92077','90500','19274','13');
INSERT INTO Submissions VALUES ('92080','90500','46441','32');
INSERT INTO Submissions VALUES ('92154','90500','51898','23');
INSERT INTO Submissions VALUES ('92161','90500','55235','60');
INSERT INTO Submissions VALUES ('92234','90500','69886','4');
INSERT INTO Submissions VALUES ('92264','90500','93294','53');
INSERT INTO Submissions VALUES ('92352','90500','99326','76');
INSERT INTO Submissions VALUES ('92367','90653','19274','41');
INSERT INTO Submissions VALUES ('92373','90653','36911','52');
INSERT INTO Submissions VALUES ('92493','90653','37472','22');
INSERT INTO Submissions VALUES ('92538','90653','44764','4');
INSERT INTO Submissions VALUES ('92561','90653','46441','51');
INSERT INTO Submissions VALUES ('92607','90653','51898','4');
INSERT INTO Submissions VALUES ('92637','90653','68233','67');
INSERT INTO Submissions VALUES ('92686','90653','69886','16');
INSERT INTO Submissions VALUES ('92688','90653','93294','13');
INSERT INTO Submissions VALUES ('92737','90653','99326','30');
INSERT INTO Submissions VALUES ('92989','91104','13910','86');
INSERT INTO Submissions VALUES ('92991','91104','19274','95');
INSERT INTO Submissions VALUES ('93045','91104','46441','12');
INSERT INTO Submissions VALUES ('93063','91104','51898','13');
INSERT INTO Submissions VALUES ('93108','91104','55235','46');
INSERT INTO Submissions VALUES ('93201','91104','63530','39');
INSERT INTO Submissions VALUES ('93238','91104','68233','28');
INSERT INTO Submissions VALUES ('93283','91104','69855','24');
INSERT INTO Submissions VALUES ('93317','91104','99326','34');
INSERT INTO Submissions VALUES ('93424','91557','11319','4');
INSERT INTO Submissions VALUES ('93465','91557','44764','22');
INSERT INTO Submissions VALUES ('93540','91557','51898','1');
INSERT INTO Submissions VALUES ('93575','91557','61757','26');
INSERT INTO Submissions VALUES ('93599','91557','68233','74');
INSERT INTO Submissions VALUES ('93616','91557','69855','10');
INSERT INTO Submissions VALUES ('93663','91557','93294','27');
INSERT INTO Submissions VALUES ('93667','91744','4911','17');
INSERT INTO Submissions VALUES ('93732','91744','11319','9');
INSERT INTO Submissions VALUES ('93850','91744','13910','25');
INSERT INTO Submissions VALUES ('93935','91744','19274','109');
INSERT INTO Submissions VALUES ('93968','91744','37472','115');
INSERT INTO Submissions VALUES ('94211','91744','44764','2');
INSERT INTO Submissions VALUES ('94240','91744','60691','40');
INSERT INTO Submissions VALUES ('94292','91744','63530','56');
INSERT INTO Submissions VALUES ('94311','91744','68233','11');
INSERT INTO Submissions VALUES ('94354','91744','69855','21');
INSERT INTO Submissions VALUES ('94387','91744','69886','16');
INSERT INTO Submissions VALUES ('94472','91744','93294','15');
INSERT INTO Submissions VALUES ('94514','91744','99326','14');
INSERT INTO Submissions VALUES ('94590','92776','4911','33');
INSERT INTO Submissions VALUES ('94634','92776','25419','76');
INSERT INTO Submissions VALUES ('94853','92776','36420','15');
INSERT INTO Submissions VALUES ('94864','92776','37472','46');
INSERT INTO Submissions VALUES ('94901','92776','44764','28');
INSERT INTO Submissions VALUES ('94969','92776','55235','57');
INSERT INTO Submissions VALUES ('94975','92776','60691','12');
INSERT INTO Submissions VALUES ('95195','92776','63530','38');
INSERT INTO Submissions VALUES ('95200','92776','68233','19');
INSERT INTO Submissions VALUES ('95211','92776','69886','5');
INSERT INTO Submissions VALUES ('95247','92776','99326','23');
INSERT INTO Submissions VALUES ('95259','93514','19274','39');
INSERT INTO Submissions VALUES ('95293','93514','25419','64');
INSERT INTO Submissions VALUES ('95343','93514','37472','26');
INSERT INTO Submissions VALUES ('95417','93514','44764','21');
INSERT INTO Submissions VALUES ('95430','93514','46441','17');
INSERT INTO Submissions VALUES ('95432','93514','68233','45');
INSERT INTO Submissions VALUES ('95448','95822','4911','12');
INSERT INTO Submissions VALUES ('95456','95822','13910','75');
INSERT INTO Submissions VALUES ('95485','95822','25419','31');
INSERT INTO Submissions VALUES ('95514','95822','36911','45');
INSERT INTO Submissions VALUES ('95560','95822','44764','17');
INSERT INTO Submissions VALUES ('95593','95822','51898','17');
INSERT INTO Submissions VALUES ('95628','95822','61757','57');
INSERT INTO Submissions VALUES ('95655','95822','63530','47');
INSERT INTO Submissions VALUES ('95704','95822','68233','23');
INSERT INTO Submissions VALUES ('95806','96117','4911','6');
INSERT INTO Submissions VALUES ('95820','96117','11319','24');
INSERT INTO Submissions VALUES ('95933','96117','19274','14');
INSERT INTO Submissions VALUES ('95981','96117','36911','17');
INSERT INTO Submissions VALUES ('96044','96117','44764','30');
INSERT INTO Submissions VALUES ('96054','96117','46441','35');
INSERT INTO Submissions VALUES ('96091','96117','68233','40');
INSERT INTO Submissions VALUES ('96263','96117','69855','16');
INSERT INTO Submissions VALUES ('96270','96117','69886','8');
INSERT INTO Submissions VALUES ('96279','96117','99326','67');
INSERT INTO Submissions VALUES ('96339','96546','11319','14');
INSERT INTO Submissions VALUES ('96350','96546','19274','94');
INSERT INTO Submissions VALUES ('96382','96546','25419','65');
INSERT INTO Submissions VALUES ('96412','96546','37472','79');
INSERT INTO Submissions VALUES ('96427','96546','51898','3');
INSERT INTO Submissions VALUES ('96541','96546','60691','15');
INSERT INTO Submissions VALUES ('96553','96546','69855','8');
INSERT INTO Submissions VALUES ('96565','96546','99326','3');
INSERT INTO Submissions VALUES ('96656','97708','4911','37');
INSERT INTO Submissions VALUES ('96741','97708','13910','13');
INSERT INTO Submissions VALUES ('96869','97708','19274','5');
INSERT INTO Submissions VALUES ('96931','97708','36420','37');
INSERT INTO Submissions VALUES ('96933','97708','44764','9');
INSERT INTO Submissions VALUES ('96980','97708','68233','36');
INSERT INTO Submissions VALUES ('96985','97990','4911','9');
INSERT INTO Submissions VALUES ('96996','97990','25419','47');
INSERT INTO Submissions VALUES ('97010','97990','36420','37');
INSERT INTO Submissions VALUES ('97030','97990','44764','30');
INSERT INTO Submissions VALUES ('97035','97990','46441','6');
INSERT INTO Submissions VALUES ('97057','97990','51898','17');
INSERT INTO Submissions VALUES ('97102','97990','60691','16');
INSERT INTO Submissions VALUES ('97107','97990','63530','16');
INSERT INTO Submissions VALUES ('97129','97990','69855','20');
INSERT INTO Submissions VALUES ('97168','97990','69886','16');
INSERT INTO Submissions VALUES ('97211','98095','4911','29');
INSERT INTO Submissions VALUES ('97212','98095','25419','28');
INSERT INTO Submissions VALUES ('97350','98095','36911','98');
INSERT INTO Submissions VALUES ('97359','98095','46441','16');
INSERT INTO Submissions VALUES ('97360','98095','51898','28');
INSERT INTO Submissions VALUES ('97375','98095','55235','31');
INSERT INTO Submissions VALUES ('97397','98095','60691','13');
INSERT INTO Submissions VALUES ('97450','98095','99326','30');
INSERT INTO Submissions VALUES ('97489','98128','4911','33');
INSERT INTO Submissions VALUES ('97547','98128','11319','19');
INSERT INTO Submissions VALUES ('97570','98128','25419','76');
INSERT INTO Submissions VALUES ('97785','98128','46441','14');
INSERT INTO Submissions VALUES ('97791','98128','63530','29');
INSERT INTO Submissions VALUES ('97792','98128','93294','23');
INSERT INTO Submissions VALUES ('97851','98128','99326','71');
INSERT INTO Submissions VALUES ('97925','99104','4911','34');
INSERT INTO Submissions VALUES ('97981','99104','11319','6');
INSERT INTO Submissions VALUES ('98029','99104','25419','50');
INSERT INTO Submissions VALUES ('98323','99104','37472','45');
INSERT INTO Submissions VALUES ('98374','99104','51898','8');
INSERT INTO Submissions VALUES ('98463','99104','60691','4');
INSERT INTO Submissions VALUES ('98485','99104','69886','8');
INSERT INTO Submissions VALUES ('98565','99104','93294','44');
INSERT INTO Submissions VALUES ('98591','99104','99326','52');
INSERT INTO Submissions VALUES ('98613','99113','4911','10');
INSERT INTO Submissions VALUES ('98639','99113','11319','30');
INSERT INTO Submissions VALUES ('98670','99113','13910','49');
INSERT INTO Submissions VALUES ('98709','99113','19274','39');
INSERT INTO Submissions VALUES ('98740','99113','36420','69');
INSERT INTO Submissions VALUES ('98788','99113','36911','21');
INSERT INTO Submissions VALUES ('98795','99113','44764','7');
INSERT INTO Submissions VALUES ('98892','99113','46441','10');
INSERT INTO Submissions VALUES ('98950','99113','68233','23');
INSERT INTO Submissions VALUES ('98952','99113','69855','17');
INSERT INTO Submissions VALUES ('99217','99113','99326','23');
INSERT INTO Submissions VALUES ('99227','99559','4911','12');
INSERT INTO Submissions VALUES ('99261','99559','11319','22');
INSERT INTO Submissions VALUES ('99382','99559','25419','4');
INSERT INTO Submissions VALUES ('99446','99559','36911','61');
INSERT INTO Submissions VALUES ('99547','99559','37472','41');
INSERT INTO Submissions VALUES ('99622','99559','46441','57');
INSERT INTO Submissions VALUES ('99659','99559','60691','24');
INSERT INTO Submissions VALUES ('99671','99559','61757','63');
INSERT INTO Submissions VALUES ('99796','99559','63530','23');
INSERT INTO Submissions VALUES ('99825','99559','68233','70');
INSERT INTO Submissions VALUES ('99935','99559','69855','25');
INSERT INTO Submissions VALUES ('99969','99559','93294','33');
INSERT INTO Submissions VALUES ('99982','99559','99326','49');